ACM,DBLP,venue,title,year,authors
0,2123,1,1.0,1,0.6542161856253537
1,1470,1,1.0,1,0.705050505050505
2,440,1,0.9404761904761905,1,0.7767537122375833
3,463,1,1.0,1,0.804141917095078
4,973,1,1.0,1,0.9243328810492989
5,1146,1,0.923003367003367,1,0.8157145881787343
6,1698,1,1.0,1,0.7166666666666668
7,1671,1,1.0,1,0.7683724901709647
8,177,1,1.0,1,0.7217649467649467
9,2485,1,1.0,1,0.7900088417329796
10,1244,1,0.9487083300077155,1,0.9130434782608695
11,1258,1,1.0,1,1.0
12,675,1,0.9400308641975308,1,1.0
13,607,1,1.0,1,1.0
14,2086,1,1.0,1,0.7243343573988734
15,622,1,1.0,1,0.8002097902097902
16,1667,1,1.0,1,0.817557013433302
17,1225,1,0.9967741935483871,1,0.8245159699099766
18,30,1,1.0,1,1.0
19,2017,1,1.0,1,0.7982683982683981
20,614,1,1.0,1,1.0
21,1695,1,1.0,1,0.8688376300316598
22,1237,1,1.0,1,0.7548190939495288
23,473,1,1.0,1,0.908008658008658
24,323,1,1.0,1,0.7015206494252922
25,1184,1,1.0,1,0.8156039686394227
26,2022,1,1.0,1,0.8240049751243781
27,1028,1,1.0,1,0.8098765432098766
28,2448,1,1.0,1,0.7129672006102212
29,1124,1,1.0,1,0.7122222222222222
30,2512,1,1.0,1,0.7435185185185186
31,1916,1,1.0,1,1.0
32,1824,1,0.9697682709447415,1,0.8039716312056737
33,580,1,1.0,1,1.0
34,127,1,1.0,1,1.0
35,617,1,1.0,1,0.6961681734987737
36,590,1,1.0,1,1.0
37,1046,1,1.0,1,1.0
38,931,1,1.0,1,1.0
39,65,1,1.0,1,1.0
40,2535,1,0.8938961038961039,1,1.0
41,2274,1,0.8942528735632184,1,1.0
42,1277,1,1.0,1,1.0
43,1058,1,0.9972972972972972,1,0.7030578117534639
44,728,1,1.0,1,1.0
45,1059,1,0.9959183673469388,1,1.0
47,918,1,1.0,1,0.7467915598249709
48,2488,1,1.0,1,0.9498168498168498
49,5,1,1.0,1,1.0
50,1743,1,1.0,1,0.8888888888888888
51,527,1,1.0,1,0.7618492618492617
52,862,1,1.0,1,0.7307965821987711
53,799,1,1.0,1,0.6717171717171717
54,1891,1,0.9959183673469388,1,0.9436432637571156
55,1077,1,1.0,1,0.73227969348659
56,1180,1,0.969811320754717,1,1.0
57,754,1,0.9760488176964149,1,0.807506503158677
58,1414,1,0.8270181848966227,1,1.0
59,2303,1,1.0,1,0.9229838709677419
60,1791,1,1.0,1,0.7262422360248447
61,2065,1,1.0,1,0.5842261904761904
62,932,1,1.0,1,0.8020967051775781
63,2344,1,1.0,1,0.8422984972677595
64,820,1,1.0,1,1.0
65,1109,1,1.0,1,0.7243105095217771
66,1741,1,1.0,1,0.7612822906940554
67,2259,1,1.0,1,1.0
68,794,1,1.0,1,1.0
69,1602,1,1.0,1,0.8683760683760684
70,1284,1,1.0,1,0.8295731707317073
71,792,1,1.0,1,1.0
72,1660,1,1.0,1,0.841180874829403
73,1938,1,1.0,1,0.7987762480878876
74,1649,1,1.0,1,1.0
75,1460,1,1.0,1,0.8509021842355176
76,1013,1,1.0,1,0.9397087624709108
77,1251,1,1.0,1,1.0
78,557,1,1.0,1,0.8636752136752137
79,1777,1,1.0,1,0.7418142780461622
84,1353,1,1.0,1,0.8344350961538461
85,2287,1,0.9971830985915493,1,0.7089371716154028
86,2078,1,1.0,1,1.0
87,1576,1,1.0,1,0.6075808249721293
88,891,1,1.0,1,0.7582723789620341
89,2006,1,0.9963636363636365,1,0.9277030976037406
90,1571,1,1.0,1,0.5904761904761905
91,115,1,1.0,1,0.8268398268398268
92,1131,1,1.0,1,0.9397849462365592
93,372,1,1.0,1,0.7996720040380545
94,710,1,1.0,1,0.8312224630597703
95,1569,1,1.0,1,0.9115440115440115
96,2439,1,1.0,1,0.6768239811718072
97,2575,1,1.0,1,0.9148936170212766
98,394,1,1.0,1,1.0
99,1704,1,1.0,1,0.8370068027210884
100,1786,1,0.9941176470588236,1,0.7056277056277057
102,186,1,0.8786666666666667,1,0.9034368070953437
103,877,1,1.0,1,0.6412912912912913
112,1882,1,1.0,1,1.0
113,2407,1,1.0,1,0.7844097887905314
114,672,1,1.0,1,0.827128427128427
115,1200,1,1.0,1,1.0
116,2194,1,1.0,1,0.7622658665211857
117,0,1,1.0,1,1.0
119,2541,1,1.0,1,1.0
120,591,1,1.0,1,0.8343079922027291
121,2254,1,1.0,1,0.6384883409273653
122,1672,1,0.9954545454545455,1,1.0
123,2304,1,1.0,1,1.0
124,2533,1,1.0,1,0.8082039911308204
125,1075,1,1.0,1,1.0
126,1235,1,1.0,1,0.7226035924647537
127,1385,1,1.0,1,0.6828303275671695
128,1591,1,1.0,1,1.0
129,2044,1,1.0,1,0.9625
136,908,1,1.0,1,0.9513513513513514
137,758,1,0.991044776119403,1,0.7968253968253968
140,384,1,1.0,1,0.8381533070974868
141,1445,1,1.0,1,0.8020191409897292
142,1615,1,1.0,1,0.8370068027210884
143,457,1,1.0,1,1.0
144,587,1,1.0,1,0.8390804597701149
145,912,1,1.0,1,0.708052145880936
146,1286,1,1.0,1,0.7658730158730158
147,58,1,1.0,1,0.6698517126148705
148,1407,1,0.9577711144427786,1,0.7459815546772068
149,2219,1,0.739772067318841,1,1.0
150,109,1,1.0,1,0.8229473564005937
151,1679,1,1.0,1,0.8323204891712783
152,742,1,0.9948717948717949,1,0.6720315904139434
153,554,1,1.0,1,0.841329739442947
154,619,1,1.0,1,0.8376447400837644
155,1149,1,0.9417517006802721,1,0.9779014308426073
156,979,1,1.0,1,1.0
157,741,1,1.0,1,1.0
158,1762,1,1.0,1,1.0
159,24,1,1.0,1,1.0
160,1749,1,1.0,1,1.0
161,1678,1,1.0,1,0.6929347826086957
162,348,1,1.0,1,1.0
163,1023,1,1.0,1,1.0
164,278,1,1.0,1,0.9033964840416453
165,499,1,1.0,1,0.8697435897435898
166,1087,1,0.98593707250342,1,1.0
167,204,1,0.9043175215589009,1,1.0
168,551,1,0.93125,1,0.7476851851851851
169,1740,1,1.0,1,0.9043557168784028
170,81,1,1.0,1,0.9571428571428571
171,2486,1,1.0,1,1.0
172,650,1,1.0,1,1.0
173,827,1,1.0,1,1.0
174,362,1,1.0,1,0.8454811854811856
175,1158,1,1.0,1,0.6467150675136816
176,133,1,0.9652173913043479,1,0.8278115844038765
177,496,1,0.9978494623655914,1,0.6166666666666667
178,789,1,1.0,1,1.0
179,978,1,0.8917913832199547,1,0.9361702127659575
180,520,1,1.0,1,1.0
181,1132,1,0.8059630510334735,1,1.0
182,2465,1,1.0,1,0.6322751322751323
183,191,1,1.0,1,0.7656628955152739
184,1835,1,1.0,1,0.810966810966811
185,437,1,0.9169437242641453,1,0.9281481481481482
186,1348,1,1.0,1,0.7997020008514261
187,534,1,1.0,1,0.7015723270440253
188,2357,1,1.0,1,0.680354267310789
189,142,1,1.0,1,0.7678137495768406
190,2115,1,1.0,1,1.0
191,2387,1,1.0,1,0.7757388174335694
192,230,1,1.0,1,0.7698878862455566
193,491,1,1.0,1,0.7935291613452532
194,1818,1,1.0,1,1.0
195,895,1,1.0,1,0.9527777777777777
196,817,1,1.0,1,0.8789473787977367
197,101,1,1.0,1,0.7912087912087912
198,2450,1,1.0,1,0.8032335550628233
199,1126,1,1.0,1,0.7800925925925926
200,632,1,1.0,1,0.7717498875393612
201,1874,1,1.0,1,0.9362590799031477
202,335,1,1.0,1,0.7138888888888889
203,2223,1,1.0,1,0.6376984126984127
204,543,1,1.0,1,0.9297478991596638
205,1670,1,1.0,1,0.9126984126984127
206,1502,1,1.0,1,0.8307312252964428
207,385,1,1.0,1,1.0
208,1702,1,1.0,1,0.7840212392736926
209,166,1,1.0,1,0.91
210,2245,1,1.0,1,0.817958225188481
211,1248,1,0.9886066763425254,1,0.8006513941154464
212,2381,1,1.0,1,1.0
213,232,1,1.0,1,0.7439129497953028
214,379,1,1.0,1,0.7715781267401716
215,1215,1,1.0,1,1.0
219,269,1,1.0,1,1.0
220,2369,1,1.0,1,0.8276923076923076
221,1598,1,1.0,1,0.7905092592592592
222,1896,1,1.0,1,0.8156966490299823
223,484,1,1.0,1,0.7983056370153144
224,1436,1,1.0,1,0.9310344827586207
225,2131,1,0.9902168164992068,1,0.762967032967033
226,934,1,1.0,1,0.9700000000000001
227,1992,1,1.0,1,0.9571428571428571
228,2477,1,1.0,1,0.7904257130210758
229,1139,1,1.0,1,0.7789052370483116
230,1596,1,1.0,1,0.9247491638795987
231,2181,1,1.0,1,0.7056277056277057
234,2374,1,1.0,1,0.7342145320954104
235,562,1,1.0,1,0.6819800569800569
236,751,1,1.0,1,1.0
237,764,1,1.0,1,0.6597222222222222
238,598,1,0.7698802379653443,1,0.8977834612105712
240,1283,1,1.0,1,0.7486227824463119
241,1393,1,1.0,1,0.7180020223018886
242,1049,1,1.0,1,0.625
243,746,1,1.0,1,0.8155698396648852
244,1315,1,1.0,1,0.7056277056277057
245,377,1,1.0,1,0.7084262497750444
246,206,1,1.0,1,0.8249729679343774
247,1608,1,0.9962264150943395,1,0.9143661971830986
248,221,1,1.0,1,0.9684210526315788
249,1866,1,1.0,1,1.0
251,357,1,0.996875,1,0.6955018161914713
252,150,1,1.0,1,0.8265201029906911
253,2350,1,0.9219423995867234,1,0.6494117647058824
254,185,1,1.0,1,1.0
255,1541,1,1.0,1,1.0
256,1468,1,1.0,1,0.8815538391640163
257,1699,1,1.0,1,0.7903520208604955
258,1044,1,0.9259088581669227,1,0.6996491228070175
259,731,1,1.0,1,0.7645858833129334
260,1668,1,0.8237991702903984,1,0.8012323593718942
261,1000,1,1.0,1,1.0
262,690,1,1.0,1,0.7612959112959112
263,56,1,1.0,1,0.7517075517075517
264,390,1,1.0,1,0.8295934959349593
265,2316,1,1.0,1,0.9380952380952381
266,1908,1,1.0,1,1.0
267,581,1,1.0,1,0.7269841269841271
268,2098,1,1.0,1,0.736904761904762
269,2464,1,1.0,1,0.7729618163054696
270,2050,1,0.9974683544303797,1,0.9242218449349179
271,767,1,1.0,1,1.0
272,125,1,0.9379710144927536,1,0.6797433688906557
273,2082,1,1.0,1,1.0
274,949,1,1.0,1,0.9490387374461979
275,1208,1,0.9429678848283499,1,0.9124924557540168
276,205,1,1.0,1,0.8156288156288157
277,2212,1,1.0,1,0.7575518781192541
278,2513,1,0.9376118989968869,1,1.0
279,1242,1,1.0,1,0.7729636591478696
280,1088,1,1.0,1,0.760796645702306
281,381,1,1.0,1,1.0
282,1008,1,0.8659516113233421,1,0.8153726335969327
283,1958,1,1.0,1,0.7201257861635221
284,2284,1,1.0,1,0.7159080298786181
285,428,1,1.0,1,0.9466666666666667
286,2527,1,1.0,1,0.7482844014798902
287,747,1,1.0,1,0.7624113475177304
288,583,1,1.0,1,0.7803504380475594
289,2090,1,1.0,1,0.7566137566137566
290,1462,1,0.979746835443038,1,0.8222520587182242
291,1920,1,1.0,1,0.9030555555555555
292,310,1,1.0,1,0.7692032401918224
293,343,1,1.0,1,1.0
294,326,1,1.0,1,0.7959401709401709
295,549,1,1.0,1,0.6373737373737374
296,1855,1,1.0,1,0.8243066457352172
297,308,1,1.0,1,0.9086792452830188
298,2253,1,1.0,1,0.8043478260869565
299,1453,1,1.0,1,0.9231554160125588
300,354,1,1.0,1,0.7492925617925618
301,143,1,1.0,1,0.7624749802169157
302,1869,1,1.0,1,0.9335265700483092
303,1879,1,1.0,1,0.7825204031213794
304,1892,1,1.0,1,0.9349999999999999
305,1586,1,1.0,1,0.9215686274509804
306,1530,1,1.0,1,0.6541399168362997
307,2364,1,1.0,1,0.8041639557579701
308,1744,1,1.0,1,0.9423076923076923
309,97,1,1.0,1,0.9304347826086957
310,89,1,0.9420333306323097,1,0.8933333333333334
311,73,1,1.0,1,0.7793939393939393
312,1337,1,1.0,1,1.0
313,1694,1,1.0,1,0.8411240389195074
314,2048,1,1.0,1,1.0
315,1064,1,1.0,1,1.0
316,870,1,1.0,1,0.7873851294903926
317,462,1,1.0,1,0.7660130718954248
318,812,1,1.0,1,0.8335421888053466
319,655,1,1.0,1,0.7841383422778772
320,1080,1,1.0,1,0.7747174127353299
321,1172,1,1.0,1,1.0
322,1561,1,1.0,1,1.0
323,1020,1,1.0,1,0.8235367970163583
325,1167,1,1.0,1,1.0
327,1532,1,0.6004072987943956,1,1.0
334,934,1,0.9591596638655462,1,0.9700000000000001
344,775,1,0.64323297656631,1,1.0
345,706,1,1.0,1,0.8210256410256411
347,775,1,0.6052910052910053,1,1.0
348,2522,1,1.0,1,0.7356060606060606
349,2592,1,1.0,1,0.6919191919191919
350,1573,1,1.0,1,1.0
351,2218,1,1.0,1,0.936
352,16,1,1.0,1,0.8122488501573469
353,1040,1,1.0,1,1.0
354,1333,1,1.0,1,0.8177878273977764
355,1175,1,1.0,1,0.7251351822780393
356,54,1,1.0,1,0.7486987818383168
357,423,1,1.0,1,0.7852960312296683
358,943,1,1.0,1,0.905687143990194
359,1199,1,0.9849691146190803,1,0.9329741379310346
360,48,1,0.8858589511754069,1,0.8301075268817204
361,2136,1,1.0,1,0.7890832008479068
362,1342,1,0.8799947719903157,1,0.8205128205128206
363,277,1,0.9646427249166976,1,0.8517241379310345
364,1281,1,0.9555555555555556,1,0.7807219662058372
365,1489,1,0.9314285714285714,1,1.0
366,1479,1,1.0,1,0.598978288633461
367,1897,1,1.0,1,1.0
368,2272,1,0.790151515151515,1,1.0
372,2178,1,1.0,1,1.0
373,2421,1,0.9808417997097242,1,0.7960429529107321
374,1366,1,1.0,1,0.7851851851851852
375,2012,1,0.932867132867133,1,1.0
376,712,1,1.0,1,0.9828571428571429
377,2080,1,1.0,1,0.6297640653357531
378,925,1,1.0,1,0.9236961451247165
379,2315,1,1.0,1,0.7090115198810851
380,1696,1,1.0,1,1.0
381,2478,1,0.9971830985915493,1,0.6892434988179669
382,1103,1,1.0,1,1.0
383,374,1,1.0,1,0.6552706552706552
384,267,1,1.0,1,0.8221107466718117
385,1290,1,1.0,1,0.7535645152369891
387,2482,1,1.0,1,0.8161018298944196
391,2113,1,0.9065983606557377,1,1.0
392,1222,1,0.8998262865084046,1,0.95
394,1383,1,0.9555023923444976,1,1.0
395,974,1,0.8845238095238095,1,0.839622641509434
396,584,1,1.0,1,0.6412698412698412
397,1841,1,1.0,1,1.0
398,152,1,1.0,1,1.0
399,1919,1,1.0,1,0.8140142961167285
400,921,1,1.0,1,0.8832774089145904
401,493,1,1.0,1,0.6980583653063598
402,1871,1,1.0,1,0.8898891730605286
403,509,1,1.0,1,0.7658730158730158
404,2560,1,1.0,1,0.8265873015873014
405,1948,1,0.9979166666666667,1,0.7578140754184312
406,44,1,1.0,1,0.9181366459627329
407,179,1,1.0,1,0.7925696594427244
408,1776,1,0.9500233754090697,1,0.8023735810113518
409,2394,1,1.0,1,0.6914265316718587
410,1387,1,1.0,1,0.9180327868852459
411,750,1,0.9967213114754099,1,1.0
412,936,1,1.0,1,0.7838574423480084
413,45,1,1.0,1,0.820433833910923
414,648,1,1.0,1,0.9259259259259259
415,1912,1,1.0,1,0.8518518518518517
416,2539,1,1.0,1,0.7547619047619047
417,2389,1,1.0,1,0.7969593634555272
418,526,1,1.0,1,0.8216562555378344
419,2273,1,1.0,1,0.9130434782608695
420,695,1,1.0,1,0.7500416458437448
421,2447,1,1.0,1,0.7936507936507936
422,604,1,1.0,1,0.7222222222222223
423,442,1,1.0,1,0.9090909090909092
424,1707,1,1.0,1,0.7646440767008142
425,2024,1,1.0,1,1.0
426,1443,1,1.0,1,0.6783838383838384
428,609,1,1.0,1,0.8891771682727946
429,1161,1,1.0,1,0.6718212322410223
430,1154,1,1.0,1,0.8089308176100629
431,2589,1,1.0,1,1.0
432,589,1,1.0,1,1.0
434,2599,1,1.0,1,0.9006720430107528
435,846,1,1.0,1,0.7708665603402446
436,2429,1,0.925990675990676,1,0.865154109589041
437,1588,1,1.0,1,0.9517543859649122
438,601,1,1.0,1,1.0
440,2587,1,0.9348751156336725,1,0.7777777777777777
441,2268,1,1.0,1,0.7652151769798828
442,1567,1,1.0,1,0.762546992481203
443,1409,1,1.0,1,0.7932229495571814
444,1317,1,1.0,1,0.7782843633907465
445,595,1,1.0,1,0.6230555555555556
446,582,1,1.0,1,0.8917474747474747
447,2235,1,1.0,1,0.8240740740740741
448,1173,1,1.0,1,0.654251700680272
449,1939,1,1.0,1,0.6626180836707153
451,2473,1,0.9048543689320387,1,0.6638019684321373
452,642,1,1.0,1,1.0
453,1636,1,0.9901219512195122,1,0.7313619478465556
454,1267,1,1.0,1,0.7741972856669976
455,715,1,1.0,1,1.0
456,330,1,0.9850377487989019,1,0.8992248062015503
457,1547,1,1.0,1,1.0
458,450,1,1.0,1,1.0
459,1644,1,1.0,1,0.9187570621468927
462,2155,1,1.0,1,1.0
464,122,1,1.0,1,0.806799877141492
465,1469,1,0.9741935483870968,1,0.7161531279178338
466,1674,1,1.0,1,0.847985347985348
467,881,1,1.0,1,1.0
468,1974,1,1.0,1,0.7421656951068716
469,2487,1,1.0,1,0.6313022700119474
470,290,1,1.0,1,0.7658730158730158
471,1929,1,1.0,1,0.8966891891891893
472,714,1,1.0,1,0.6571268237934905
473,1121,1,1.0,1,1.0
474,894,1,1.0,1,0.8378920260893424
475,2240,1,1.0,1,0.992
476,1448,1,0.9954545454545455,1,0.8596491228070176
477,529,1,1.0,1,0.8848572810836961
478,893,1,1.0,1,1.0
479,1978,1,1.0,1,0.930232558139535
480,2359,1,0.9317261389582664,1,1.0
481,1811,1,1.0,1,1.0
482,915,1,0.9972222222222222,1,0.7675915924762154
483,511,1,1.0,1,0.8154598825831703
484,2377,1,1.0,1,0.98125
485,634,1,1.0,1,0.7407862407862408
486,2184,1,1.0,1,1.0
487,2312,1,1.0,1,1.0
488,1624,1,1.0,1,0.6997912138719906
489,2399,1,1.0,1,0.8235036600904279
490,2176,1,1.0,1,1.0
491,2087,1,1.0,1,0.6362962962962962
492,1537,1,1.0,1,1.0
494,926,1,1.0,1,0.7000000000000001
495,898,1,1.0,1,1.0
498,1935,1,0.991149887994322,1,0.6294117647058823
499,86,1,0.9018518518518519,1,1.0
500,662,1,0.9971830985915493,1,0.9009615384615385
501,1986,1,1.0,1,0.6352380952380953
502,1372,1,1.0,1,0.7459207459207459
503,2567,1,1.0,1,1.0
504,2454,1,1.0,1,0.73227969348659
505,1633,1,0.9273991842908462,1,1.0
506,2528,1,1.0,1,0.7016919671094244
507,113,1,0.9136030319055173,1,1.0
512,386,1,0.9055555555555556,1,1.0
513,386,1,1.0,1,1.0
514,574,1,1.0,1,0.8269518716577539
515,2401,1,1.0,1,0.6895740083346196
517,1328,1,1.0,1,1.0
518,1377,1,0.944,1,1.0
519,2055,1,0.9588235294117646,1,1.0
521,1720,1,1.0,1,0.7225097768576029
522,2260,1,0.5728763440860215,1,1.0
523,2260,1,0.8427586206896551,1,1.0
525,1687,1,0.9408840579710145,1,0.7807718687403647
527,2601,1,1.0,1,0.6436915862298251
529,254,1,1.0,1,1.0
531,1681,1,1.0,1,1.0
540,1327,1,1.0,1,0.7533333333333333
542,982,1,1.0,1,1.0
545,446,1,1.0,1,1.0
547,968,1,1.0,1,0.5815336463223787
550,136,1,1.0,1,1.0
552,2608,1,0.748968968968969,1,0.85
553,2608,1,0.7400119474313023,1,0.85
554,1250,1,1.0,1,0.7851851851851852
555,2608,1,1.0,1,0.9190476190476191
556,2028,1,1.0,1,0.936936170212766
557,1656,1,1.0,1,0.6866096866096866
558,1881,1,1.0,1,0.7999999999999999
559,2343,1,0.9964912280701754,1,0.7144977004640195
560,850,1,1.0,1,1.0
562,826,1,1.0,1,0.6437250157795077
565,433,1,0.9698034076015727,1,0.7931623931623931
566,2514,1,0.9955555555555555,1,1.0
567,1403,1,0.9645946763460375,1,1.0
568,1039,1,1.0,1,0.8280397139092791
569,2561,1,0.9259560373381511,1,0.8264932693725263
570,2455,1,1.0,1,1.0
571,481,1,1.0,1,0.8989898989898991
572,2327,1,1.0,1,0.7900226757369615
573,1739,1,1.0,1,0.7186464329321472
574,962,1,1.0,1,0.9571428571428571
576,229,1,1.0,1,0.8579710144927537
577,1829,1,1.0,1,0.6064908722109533
578,2074,1,1.0,1,0.9565217391304348
579,1802,1,1.0,1,0.8822118913628578
580,183,1,1.0,1,1.0
581,823,1,1.0,1,0.7403860769113847
582,2046,1,1.0,1,1.0
584,535,1,1.0,1,0.9823529411764705
585,272,1,1.0,1,0.9219241443108234
586,449,1,1.0,1,1.0
587,670,1,1.0,1,0.6487197556964999
589,1753,1,1.0,1,1.0
590,927,1,1.0,1,0.9103174603174603
591,644,1,1.0,1,1.0
592,1073,1,0.642361111111111,1,1.0
594,1310,1,1.0,1,1.0
596,117,1,0.9391304347826087,1,1.0
597,781,1,0.847704267628706,1,1.0
598,2583,1,1.0,1,1.0
599,2583,1,0.9055555555555556,1,1.0
600,2436,1,1.0,1,0.7489035087719298
601,1834,1,1.0,1,0.8736495388669302
602,853,1,1.0,1,0.8813559322033898
603,1305,1,1.0,1,0.7635352648522096
605,1844,1,1.0,1,1.0
607,541,1,1.0,1,0.8522300469483568
608,2099,1,0.6535200746965453,1,0.98
609,1296,1,1.0,1,0.7599681020733652
610,902,1,1.0,1,0.7663117663117663
611,1945,1,1.0,1,0.7481380148958808
612,2035,1,0.9558139534883721,1,0.6305916305916306
613,1057,1,1.0,1,0.79876333375977
614,1648,1,1.0,1,1.0
615,2434,1,1.0,1,0.7506876026272579
616,2580,1,1.0,1,0.7787894736842106
617,1313,1,0.9421163769151385,1,0.8143440050219711
618,748,1,1.0,1,0.9235023041474655
620,2424,1,0.9964912280701754,1,0.8745410628019323
621,2507,1,1.0,1,0.7419191919191919
622,691,1,0.978820905229356,1,0.98
623,1828,1,1.0,1,0.7504596795376938
624,1725,1,1.0,1,0.7316341829085458
625,2537,1,1.0,1,1.0
626,986,1,1.0,1,0.7342621259029928
627,2071,1,1.0,1,0.6607761607761607
628,1435,1,1.0,1,0.7853535353535354
629,1019,1,1.0,1,0.9361111111111111
630,1928,1,1.0,1,0.7306015693112468
631,1611,1,1.0,1,0.7938676381299331
632,1319,1,1.0,1,0.7708101422387137
633,224,1,1.0,1,1.0
635,1210,1,1.0,1,1.0
636,658,1,1.0,1,0.9454545454545455
637,805,1,1.0,1,0.9348484848484848
638,182,1,0.8996273291925466,1,0.7926267281105991
639,525,1,1.0,1,0.8105293266087606
640,727,1,1.0,1,0.6440601503759399
641,1773,1,1.0,1,0.8513513513513513
642,1037,1,1.0,1,0.8238529454334925
643,1516,1,1.0,1,0.8419962335216572
644,576,1,1.0,1,0.7919783197831979
645,1603,1,1.0,1,1.0
646,903,1,1.0,1,0.8972847709971822
647,633,1,1.0,1,0.9239022369511185
649,726,1,1.0,1,0.8588235294117647
651,276,1,1.0,1,1.0
652,88,1,1.0,1,0.9062280701754386
654,1832,1,0.8908596929337773,1,1.0
655,828,1,1.0,1,0.8933333333333334
657,2260,1,0.6015846066779853,1,1.0
660,1236,1,1.0,1,1.0
664,1229,1,0.908685815463309,1,0.652766106442577
665,358,1,1.0,1,1.0
666,2079,1,0.9841919191919193,1,1.0
667,2433,1,0.9708426426911446,1,0.9190779014308426
670,1420,1,1.0,1,0.9642857142857142
671,1275,1,1.0,1,1.0
672,43,1,1.0,1,0.948936170212766
673,1067,1,1.0,1,0.8888888888888888
674,292,1,1.0,1,0.7449941069323905
675,434,1,1.0,1,0.8725296442687748
676,1511,1,1.0,1,1.0
677,699,1,1.0,1,0.825484039769754
678,149,1,1.0,1,0.9151425398000741
679,244,1,1.0,1,1.0
680,944,1,1.0,1,1.0
681,2039,1,1.0,1,0.8023782980304719
682,1413,1,1.0,1,0.7905002405002405
683,2428,1,1.0,1,0.6801742919389978
684,719,1,1.0,1,1.0
685,145,1,1.0,1,0.7215320910973085
686,227,1,1.0,1,0.8932900432900434
687,2040,1,1.0,1,0.7230769230769232
688,1278,1,1.0,1,1.0
689,1098,1,1.0,1,0.8042907227615966
690,1797,1,1.0,1,0.9018464457743395
691,1589,1,1.0,1,0.6924453992123164
692,2011,1,1.0,1,0.797564687975647
693,1769,1,1.0,1,0.762490759664304
694,1651,1,1.0,1,1.0
695,1690,1,1.0,1,0.655452761424166
696,1253,1,1.0,1,0.8240917951444268
697,2105,1,1.0,1,1.0
698,643,1,1.0,1,0.945
699,134,1,1.0,1,0.8916221033868093
700,370,1,1.0,1,0.6122202056866303
701,2215,1,0.9916275430359938,1,0.8159332758124821
702,845,1,1.0,1,0.7716196846631629
703,2068,1,1.0,1,0.94
704,2354,1,1.0,1,0.7982180293501049
705,1803,1,1.0,1,0.98
706,1790,1,1.0,1,0.8412457912457912
707,1758,1,1.0,1,0.8860499734183944
708,1392,1,1.0,1,0.7893939393939394
709,1170,1,1.0,1,0.89937106918239
710,626,1,1.0,1,0.8070739194770202
711,556,1,1.0,1,1.0
712,196,1,1.0,1,1.0
713,1827,1,1.0,1,0.8149682408174538
714,2467,1,1.0,1,0.8579234972677595
715,1883,1,1.0,1,0.7933247753530167
716,859,1,1.0,1,1.0
717,849,1,1.0,1,0.8018202861952862
718,406,1,1.0,1,1.0
719,75,1,1.0,1,0.7919783197831979
720,786,1,1.0,1,0.8137718762718763
721,1437,1,1.0,1,0.961111111111111
722,1756,1,1.0,1,0.8125974025974027
723,2206,1,1.0,1,0.8144354383777204
724,251,1,1.0,1,0.8614696590887068
725,2285,1,1.0,1,0.781033781033781
726,2189,1,1.0,1,0.7796324951644099
727,1006,1,1.0,1,0.8295208333333334
728,61,1,1.0,1,1.0
729,1703,1,1.0,1,0.8171296296296297
730,2153,1,1.0,1,0.7208333333333333
731,1238,1,1.0,1,0.6037037037037037
732,337,1,1.0,1,0.850643227588065
733,161,1,1.0,1,0.8162972085385879
734,869,1,1.0,1,0.7096556233653007
735,516,1,1.0,1,0.9857699805068225
737,1485,1,1.0,1,0.8474796575202982
739,187,1,1.0,1,0.91
741,730,1,0.9178447274376819,1,1.0
742,20,1,1.0,1,1.0
746,6,1,0.8812764910005644,1,0.9571428571428571
747,2163,1,0.8961861604409063,1,0.8983490427960892
748,1585,1,1.0,1,0.9411764705882353
749,574,1,0.8672222222222223,1,0.8269518716577539
750,498,1,0.6948529411764706,1,1.0
752,952,1,1.0,1,0.9422222222222223
753,2489,1,1.0,1,1.0
754,1817,1,1.0,1,1.0
755,797,1,1.0,1,1.0
756,1388,1,0.9975609756097561,1,1.0
757,295,1,1.0,1,1.0
759,1857,1,1.0,1,0.9193275964296588
760,225,1,1.0,1,1.0
761,1451,1,1.0,1,0.9086792452830188
762,539,1,1.0,1,1.0
763,1388,1,1.0,1,1.0
764,1301,1,1.0,1,0.8293650793650794
765,2591,1,1.0,1,0.9353846153846154
766,1270,1,1.0,1,1.0
767,1352,1,1.0,1,1.0
768,2188,1,1.0,1,0.6597701149425288
769,2120,1,1.0,1,0.9215686274509803
770,930,1,1.0,1,1.0
771,1830,1,1.0,1,0.9078181977395123
772,305,1,1.0,1,0.8372984050610354
773,831,1,1.0,1,0.7926267281105991
774,1509,1,1.0,1,0.874002574002574
775,844,1,1.0,1,0.8072790760139673
776,2271,1,1.0,1,0.8852459016393442
777,1471,1,1.0,1,0.7853535353535354
778,1972,1,1.0,1,1.0
779,2207,1,1.0,1,1.0
780,1138,1,1.0,1,0.8437217705510388
781,2140,1,1.0,1,0.9097222222222222
782,1664,1,1.0,1,1.0
783,1390,1,1.0,1,1.0
784,1781,1,1.0,1,1.0
785,106,1,1.0,1,1.0
786,2001,1,1.0,1,0.8166666666666668
787,2493,1,1.0,1,1.0
788,409,1,1.0,1,0.6322751322751323
789,701,1,1.0,1,0.7473873873873874
790,1011,1,1.0,1,0.6996491228070175
791,1439,1,1.0,1,0.7832687338501292
792,1344,1,1.0,1,1.0
793,1944,1,1.0,1,0.7258064516129034
794,1026,1,1.0,1,0.8058558558558558
795,1005,1,1.0,1,0.6530797101449276
796,784,1,1.0,1,0.7777777777777777
797,2420,1,1.0,1,0.9
798,1153,1,1.0,1,0.9066666666666666
799,107,1,1.0,1,1.0
800,2002,1,1.0,1,0.9476190476190476
801,487,1,1.0,1,0.7752380952380952
802,1207,1,1.0,1,1.0
803,1368,1,1.0,1,0.95
804,2003,1,1.0,1,0.9511111111111111
805,2432,1,1.0,1,0.837655125790719
806,25,1,1.0,1,0.8241152786607332
807,1859,1,1.0,1,1.0
808,2352,1,1.0,1,1.0
809,63,1,1.0,1,0.7659019343229869
810,82,1,1.0,1,1.0
811,1187,1,1.0,1,0.7792316926770707
812,250,1,1.0,1,0.9115646258503401
813,239,1,1.0,1,0.7866071428571427
814,2499,1,1.0,1,1.0
815,1487,1,1.0,1,1.0
816,2085,1,1.0,1,0.7525839793281653
817,994,1,1.0,1,1.0
818,1182,1,1.0,1,0.9333333333333333
819,1147,1,1.0,1,1.0
820,302,1,1.0,1,0.9088954781319496
821,923,1,1.0,1,0.776060606060606
822,1209,1,1.0,1,0.9
823,2476,1,1.0,1,0.7747927031509122
824,319,1,1.0,1,0.9097222222222222
825,2171,1,1.0,1,0.7984425566343042
826,774,1,1.0,1,0.6728395061728395
827,568,1,1.0,1,0.7487179487179487
828,2186,1,1.0,1,0.8428658536585365
829,2297,1,1.0,1,0.8276421116627825
830,1737,1,1.0,1,0.8034883720930233
831,2104,1,1.0,1,0.8346078661349597
832,60,1,1.0,1,1.0
833,2199,1,1.0,1,0.6588693957115009
834,1653,1,1.0,1,0.9145299145299145
835,1457,1,1.0,1,0.6597701149425288
836,760,1,1.0,1,0.9131666666666667
837,896,1,1.0,1,0.88
838,2049,1,1.0,1,1.0
839,1669,1,1.0,1,0.7829110779930453
840,435,1,1.0,1,0.8928571428571429
841,852,1,0.9964912280701754,1,1.0
842,1796,1,1.0,1,1.0
843,2417,1,1.0,1,0.7697191697191696
844,1343,1,1.0,1,0.7648351648351648
845,42,1,1.0,1,0.7890832008479068
846,2126,1,1.0,1,0.8291680190414367
847,263,1,1.0,1,0.8321839080459771
848,1815,1,1.0,1,0.7056277056277057
849,757,1,1.0,1,0.8888888888888888
850,843,1,1.0,1,0.8952380952380953
851,2216,1,1.0,1,0.9433962264150942
852,2180,1,1.0,1,1.0
853,733,1,1.0,1,1.0
854,1862,1,1.0,1,0.7873851294903926
855,856,1,1.0,1,1.0
856,1760,1,1.0,1,0.8235479797979798
857,1183,1,1.0,1,1.0
858,1975,1,1.0,1,0.8068211068211069
859,945,1,1.0,1,1.0
860,738,1,1.0,1,0.9773584905660377
861,2141,1,1.0,1,1.0
862,1846,1,1.0,1,1.0
863,1268,1,1.0,1,0.913036963036963
864,769,1,1.0,1,1.0
865,890,1,1.0,1,0.9391304347826087
866,87,1,1.0,1,1.0
867,1962,1,1.0,1,0.7963536291709666
868,2190,1,1.0,1,0.6783838383838384
869,2358,1,1.0,1,0.95
870,1775,1,1.0,1,1.0
871,504,1,1.0,1,0.8778032036613272
872,1484,1,1.0,1,0.8643697478991597
873,1538,1,1.0,1,0.9150943396226414
874,1846,1,0.6717562212055763,1,0.8911764705882353
875,2226,1,1.0,1,0.7157287157287158
876,1094,1,1.0,1,1.0
877,985,1,1.0,1,0.782051282051282
878,1433,1,1.0,1,1.0
879,2114,1,1.0,1,0.8215253581107239
880,1594,1,1.0,1,0.802923976608187
881,1969,1,1.0,1,0.8020967051775781
882,1219,1,1.0,1,1.0
883,873,1,1.0,1,0.7959447004608294
885,216,1,1.0,1,0.9464285714285714
886,1971,1,1.0,1,1.0
887,417,1,1.0,1,1.0
888,195,1,1.0,1,0.7640765765765766
889,2308,1,1.0,1,0.821382842509603
891,1774,1,1.0,1,1.0
892,1085,1,1.0,1,0.8583333333333334
893,605,1,1.0,1,0.9301075268817204
894,1646,1,1.0,1,0.7373373373373373
895,2038,1,1.0,1,0.7672855879752433
897,564,1,1.0,1,1.0
899,57,1,1.0,1,0.6995169082125604
901,2250,1,1.0,1,0.7050028752156412
902,427,1,1.0,1,1.0
903,1979,1,1.0,1,0.996078431372549
905,1069,1,0.731139478777274,1,1.0
906,1135,1,0.9654320987654321,1,0.8521739130434783
908,801,1,1.0,1,1.0
910,2099,1,0.9411904761904762,1,0.7296296296296297
911,475,1,1.0,1,0.8372084521459384
912,452,1,0.9042105263157895,1,1.0
913,448,1,0.9905322128851541,1,0.7128205128205128
914,39,1,1.0,1,0.9189832970225127
916,344,1,1.0,1,0.802519506059329
917,1086,1,1.0,1,0.902401372212693
918,2255,1,1.0,1,0.9400000000000001
919,1033,1,1.0,1,0.7999999999999999
920,624,1,1.0,1,1.0
921,2411,1,1.0,1,0.8089308176100629
922,2380,1,0.6009557945041816,1,1.0
923,1381,1,1.0,1,0.9137965260545906
927,2391,1,1.0,1,0.8697674418604651
928,2159,1,1.0,1,0.7428699752975522
929,1375,1,1.0,1,0.8001482495153381
930,2577,1,1.0,1,1.0
931,963,1,1.0,1,1.0
932,507,1,1.0,1,0.7529411764705882
933,836,1,1.0,1,0.7286585365853658
934,2089,1,1.0,1,1.0
935,2145,1,1.0,1,1.0
936,2291,1,1.0,1,0.7963386727688787
937,1162,1,1.0,1,0.6553030303030303
938,1792,1,1.0,1,0.916966966966967
939,1553,1,1.0,1,0.7050028752156412
940,2495,1,1.0,1,0.7812599936040935
941,456,1,1.0,1,0.927536231884058
942,1782,1,1.0,1,0.7021116138763196
943,1930,1,1.0,1,0.7906388361796332
944,32,1,1.0,1,0.777612863327149
945,1072,1,1.0,1,0.7978746475818695
946,2200,1,1.0,1,0.8972493345164153
947,1555,1,1.0,1,0.8229992790194665
948,791,1,1.0,1,0.8312022995341461
949,988,1,1.0,1,0.8085217391304347
950,103,1,1.0,1,0.6444444444444444
951,436,1,1.0,1,0.867986798679868
952,1347,1,1.0,1,1.0
953,298,1,1.0,1,0.6966861598440546
954,347,1,1.0,1,1.0
955,328,1,1.0,1,0.9476190476190476
956,2600,1,1.0,1,1.0
957,2201,1,1.0,1,0.7615686274509804
958,325,1,1.0,1,0.7357404500261643
959,1715,1,1.0,1,1.0
960,2593,1,1.0,1,0.7887667887667887
961,2156,1,1.0,1,0.6691086691086691
962,772,1,1.0,1,0.9027777777777778
963,70,1,1.0,1,0.708994708994709
964,630,1,1.0,1,0.7426356589147286
965,174,1,1.0,1,0.639423076923077
966,2124,1,1.0,1,1.0
968,1032,1,1.0,1,0.7535726154868727
969,2444,1,1.0,1,0.8085622862186913
970,1029,1,1.0,1,0.9384615384615383
971,252,1,1.0,1,1.0
972,2376,1,1.0,1,1.0
973,410,1,1.0,1,1.0
974,419,1,1.0,1,0.8930817610062892
975,2332,1,1.0,1,0.7346031746031746
976,2416,1,1.0,1,0.8870056497175142
977,483,1,1.0,1,1.0
978,625,1,1.0,1,1.0
979,1528,1,1.0,1,0.6717171717171717
980,361,1,1.0,1,0.8353292373910931
981,1833,1,1.0,1,1.0
982,961,1,1.0,1,1.0
983,170,1,1.0,1,1.0
984,1477,1,1.0,1,1.0
985,514,1,1.0,1,1.0
986,2013,1,1.0,1,0.7422577422577422
987,599,1,1.0,1,1.0
988,352,1,1.0,1,0.6043771043771043
989,1316,1,1.0,1,0.7679142179606145
990,1933,1,1.0,1,0.9463414634146341
991,470,1,1.0,1,0.8565656565656566
992,1854,1,1.0,1,0.7949874686716791
993,2372,1,1.0,1,0.9348837209302325
994,2052,1,1.0,1,0.7925925925925926
995,732,1,1.0,1,0.7808506180599203
996,1889,1,1.0,1,0.7841383422778772
997,1055,1,1.0,1,0.8867924528301887
998,839,1,1.0,1,1.0
999,1728,1,1.0,1,0.8438215922107676
1000,2412,1,1.0,1,0.9423076923076923
1001,829,1,1.0,1,0.7425396825396825
1002,1510,1,1.0,1,0.8161016157653872
1003,465,1,1.0,1,0.9161781499809669
1004,913,1,1.0,1,0.7583050847457627
1005,1657,1,1.0,1,0.9155421686746988
1007,2408,1,1.0,1,0.6204481792717087
1008,533,1,1.0,1,0.583774250440917
1009,1839,1,1.0,1,0.8095498450883908
1010,993,1,1.0,1,0.9384615384615385
1011,1766,1,1.0,1,1.0
1012,226,1,1.0,1,0.9478260869565217
1013,1582,1,1.0,1,0.6385595081247256
1014,2331,1,1.0,1,1.0
1015,809,1,1.0,1,0.8047619047619049
1016,397,1,1.0,1,0.6600790513833992
1017,1259,1,1.0,1,0.9020434227330779
1018,208,1,1.0,1,1.0
1019,1051,1,1.0,1,0.7609090909090909
1020,256,1,1.0,1,0.7667665525114155
1021,729,1,1.0,1,0.7572649572649572
1022,2442,1,1.0,1,1.0
1023,2553,1,1.0,1,0.8171997157071784
1024,1795,1,1.0,1,1.0
1025,2397,1,1.0,1,1.0
1026,2595,1,1.0,1,0.7492063492063492
1027,806,1,1.0,1,1.0
1028,2378,1,1.0,1,0.8229369720597791
1029,1421,1,1.0,1,1.0
1030,1196,1,1.0,1,0.7022792022792023
1031,1440,1,1.0,1,1.0
1032,2119,1,1.0,1,0.8369172932330826
1033,2490,1,1.0,1,1.0
1034,1826,1,1.0,1,1.0
1035,542,1,1.0,1,0.8084504293520687
1036,218,1,1.0,1,0.9571428571428571
1037,2379,1,1.0,1,0.8288398692810457
1038,2426,1,1.0,1,0.8168582375478928
1039,1070,1,1.0,1,0.95
1040,35,1,1.0,1,1.0
1041,1950,1,1.0,1,0.848103448275862
1042,538,1,1.0,1,0.8005698005698006
1043,641,1,1.0,1,1.0
1044,158,1,0.9214912280701754,1,0.8028846153846154
1045,1273,1,1.0,1,0.8407751937984497
1046,2341,1,1.0,1,1.0
1047,1181,1,1.0,1,0.8200626959247649
1048,1481,1,1.0,1,1.0
1049,2554,1,0.696575956333012,1,1.0
1050,640,1,1.0,1,0.7828282828282829
1051,420,1,1.0,1,1.0
1052,356,1,1.0,1,0.7357404500261643
1053,1360,1,0.9237012987012987,1,0.9333333333333332
1054,207,1,1.0,1,0.9309143686502177
1055,327,1,1.0,1,0.7516516516516516
1056,2330,1,1.0,1,0.8052338052338053
1057,872,1,1.0,1,1.0
1058,100,1,1.0,1,0.8918918918918918
1059,2590,1,1.0,1,0.9304347826086957
1060,1002,1,1.0,1,0.9411764705882353
1061,793,1,1.0,1,1.0
1062,586,1,1.0,1,1.0
1063,1336,1,1.0,1,0.7483062330623307
1064,124,1,1.0,1,0.9074074074074074
1065,2510,1,1.0,1,0.9315789473684211
1066,1997,1,1.0,1,1.0
1067,1981,1,0.9269956458635704,1,0.9434782608695652
1068,2340,1,1.0,1,0.7925925925925926
1069,1810,1,1.0,1,0.7670068027210885
1070,380,1,1.0,1,1.0
1071,2383,1,1.0,1,0.783230633802817
1072,744,1,1.0,1,0.7642857142857142
1073,2143,1,1.0,1,0.7905092592592592
1074,1117,1,1.0,1,1.0
1075,515,1,1.0,1,0.7781391147244806
1076,565,1,1.0,1,0.8005464480874317
1077,694,1,1.0,1,1.0
1078,2382,1,1.0,1,0.8223623371164356
1079,1650,1,1.0,1,0.8126361655773421
1080,1970,1,1.0,1,0.8697515697515698
1081,1197,1,1.0,1,1.0
1082,1349,1,1.0,1,0.6371171171171172
1083,2406,1,1.0,1,0.8020967051775781
1084,1467,1,1.0,1,0.9019607843137255
1085,822,1,1.0,1,0.7009334315892901
1086,1298,1,1.0,1,0.7215320910973085
1087,72,1,1.0,1,1.0
1088,1428,1,1.0,1,1.0
1089,531,1,1.0,1,1.0
1090,2033,1,1.0,1,0.7886117409926934
1091,2146,1,1.0,1,1.0
1092,1120,1,0.9971014492753623,1,1.0
1093,1,1,1.0,1,1.0
1094,664,1,1.0,1,0.9444444444444444
1095,1858,1,1.0,1,1.0
1096,2187,1,1.0,1,1.0
1097,1631,1,1.0,1,1.0
1098,960,1,1.0,1,0.8179070252240983
1099,128,1,1.0,1,1.0
1100,391,1,1.0,1,1.0
1101,2185,1,1.0,1,1.0
1102,814,1,1.0,1,1.0
1103,495,1,1.0,1,0.7829059829059829
1104,811,1,1.0,1,0.8936170212765958
1105,1620,1,1.0,1,1.0
1106,253,1,1.0,1,0.728937728937729
1107,1048,1,1.0,1,0.7538235910328934
1108,2246,1,1.0,1,1.0
1109,2472,1,1.0,1,0.8316174788377945
1110,1592,1,1.0,1,1.0
1111,788,1,1.0,1,0.6700879765395894
1112,1263,1,1.0,1,0.7927272727272726
1113,430,1,1.0,1,0.95
1114,2129,1,1.0,1,1.0
1115,2256,1,1.0,1,0.8240896358543418
1116,2375,1,1.0,1,0.7982731554160125
1117,2000,1,1.0,1,1.0
1118,1497,1,1.0,1,0.7056277056277057
1119,1662,1,1.0,1,0.948051948051948
1120,1641,1,1.0,1,1.0
1121,2554,1,1.0,1,1.0
1122,892,1,1.0,1,0.6777777777777777
1123,1201,1,1.0,1,1.0
1124,2492,1,1.0,1,1.0
1125,3,1,1.0,1,0.7916840495063274
1126,2440,1,1.0,1,0.9419354838709678
1127,2061,1,1.0,1,0.7761904761904761
1128,2132,1,1.0,1,0.952112676056338
1129,413,1,0.9125992063492063,1,0.8176580112721418
1130,171,1,1.0,1,0.7842712842712842
1131,900,1,1.0,1,0.8061002178649237
1132,15,1,1.0,1,1.0
1133,47,1,1.0,1,1.0
1134,1294,1,1.0,1,1.0
1135,766,1,1.0,1,0.8983050847457626
1136,1472,1,1.0,1,1.0
1137,1165,1,1.0,1,1.0
1138,1812,1,1.0,1,0.9170212765957446
1139,858,1,1.0,1,0.8360093472033769
1140,2263,1,1.0,1,1.0
1141,1924,1,1.0,1,1.0
1142,2530,1,1.0,1,0.6868686868686869
1143,2311,1,1.0,1,0.7806763285024154
1144,2118,1,1.0,1,1.0
1145,815,1,1.0,1,1.0
1147,34,1,1.0,1,0.7866071428571427
1148,1136,1,1.0,1,0.7645566701256774
1149,23,1,1.0,1,0.8713383838383838
1150,1729,1,1.0,1,0.88843901860851
1151,1264,1,1.0,1,1.0
1152,971,1,1.0,1,0.6068073421014598
1153,2606,1,1.0,1,0.8866666666666667
1154,2456,1,0.9543645699614891,1,0.8044184535412605
1155,1054,1,1.0,1,0.9133333333333333
1156,854,1,1.0,1,1.0
1157,2404,1,0.8005050505050506,1,0.8557142857142858
1158,1666,1,1.0,1,0.7917142857142858
1159,2494,1,1.0,1,0.6166666666666667
1160,545,1,1.0,1,1.0
1161,2571,1,1.0,1,0.7688888888888888
1162,2154,1,1.0,1,0.6829365079365081
1163,2404,1,1.0,1,0.8557142857142858
1164,18,1,1.0,1,0.8401985111662532
1165,376,1,1.0,1,0.7908152054493517
1166,2152,1,0.9171166827386692,1,1.0
1167,2558,1,1.0,1,0.7906391432701053
1168,1091,1,0.8461538461538461,1,1.0
1169,790,1,1.0,1,0.7697666318355973
1170,768,1,1.0,1,1.0
1171,935,1,1.0,1,0.6200828157349897
1172,1456,1,1.0,1,0.7259790528233151
1173,702,1,1.0,1,1.0
1174,1872,1,0.9263202687569988,1,0.7205938660642494
1175,2321,1,1.0,1,1.0
1176,28,1,1.0,1,0.8087719298245614
1177,740,1,1.0,1,0.8068283917340521
1179,7,1,1.0,1,1.0
1180,518,1,1.0,1,1.0
1181,431,1,1.0,1,0.7730327144120248
1182,317,1,1.0,1,0.7361487735732775
1183,1752,1,1.0,1,0.7022792022792023
1184,1731,1,1.0,1,1.0
1185,1885,1,1.0,1,0.8470504619758351
1186,976,1,1.0,1,1.0
1187,425,1,1.0,1,0.6382164976435464
1188,2045,1,1.0,1,0.6553030303030303
1189,957,1,1.0,1,0.6063079777365491
1190,631,1,1.0,1,0.8371749408983451
1191,847,1,1.0,1,1.0
1192,1204,1,1.0,1,0.9785714285714285
1193,1404,1,1.0,1,0.8315728715728715
1194,1655,1,1.0,1,0.7767091840858754
1195,1169,1,1.0,1,1.0
1196,956,1,1.0,1,1.0
1197,467,1,1.0,1,1.0
1198,2007,1,1.0,1,1.0
1199,37,1,1.0,1,1.0
1200,369,1,1.0,1,0.7607655502392344
1201,940,1,1.0,1,1.0
1202,2410,1,1.0,1,0.751984126984127
1203,1498,1,1.0,1,0.8501529051987768
1204,763,1,1.0,1,0.7985347985347985
1205,1118,1,1.0,1,0.9002614379084967
1206,1295,1,1.0,1,0.9458333333333333
1207,1772,1,1.0,1,0.7301749344625933
1208,479,1,1.0,1,0.8341719077568134
1209,76,1,1.0,1,0.8061002178649237
1210,1410,1,0.9954545454545455,1,0.9944444444444445
1211,258,1,1.0,1,0.8028846153846154
1212,2542,1,0.957268170426065,1,0.8615273615273615
1213,12,1,1.0,1,0.9257352941176471
1214,363,1,0.9974683544303797,1,0.8571428571428571
1215,245,1,0.9082769189765458,1,0.729329231692677
1216,2550,1,1.0,1,0.5971546513342179
1217,2062,1,1.0,1,0.7384015594541911
1218,682,1,1.0,1,0.9507692307692307
1219,855,1,1.0,1,1.0
1220,198,1,1.0,1,0.838997113997114
1221,1060,1,1.0,1,0.7660130718954248
1222,864,1,1.0,1,0.8133779264214047
1223,13,1,0.9318692543411644,1,0.8852459016393442
1224,524,1,1.0,1,0.7743729694606888
1225,2151,1,0.976078431372549,1,0.69668458781362
1226,1009,1,1.0,1,0.694028104235986
1227,1218,1,1.0,1,0.9454468085106383
1228,1340,1,1.0,1,0.6942544280375106
1229,753,1,1.0,1,0.6692726841980573
1230,1411,1,1.0,1,0.7367032967032967
1231,1351,1,0.9180327868852459,1,0.7961904761904763
1232,1362,1,1.0,1,0.7188388263633629
1233,508,1,1.0,1,0.6968287237267209
1234,175,1,1.0,1,0.6728160427039028
1235,2125,1,1.0,1,0.7442313767612307
1239,471,1,1.0,1,1.0
1240,62,1,1.0,1,0.8132071115215885
1241,1130,1,1.0,1,0.8054947060971158
1242,2025,1,1.0,1,1.0
1243,2225,1,1.0,1,1.0
1244,118,1,1.0,1,1.0
1245,2475,1,1.0,1,1.0
1246,2534,1,1.0,1,0.7605276509386099
1247,2252,1,1.0,1,0.7552753474009264
1248,720,1,1.0,1,0.7997821447188537
1249,2204,1,1.0,1,0.9255405405405406
1250,2320,1,1.0,1,0.8101851851851851
1251,329,1,1.0,1,0.8401937046004843
1252,1878,1,1.0,1,0.8391429359171294
1253,1580,1,1.0,1,1.0
1254,2179,1,0.918100975329891,1,0.7360248447204968
1255,282,1,1.0,1,0.8992248062015503
1256,64,1,1.0,1,0.9333333333333333
1257,602,1,1.0,1,0.7630434782608696
1258,1779,1,1.0,1,0.7707649493363778
1259,120,1,1.0,1,0.6445743989603638
1260,2461,1,1.0,1,0.6530522617479139
1261,1675,1,1.0,1,0.7630434782608696
1262,1274,1,1.0,1,0.673212763366216
1263,1523,1,1.0,1,0.7818061964403428
1264,830,1,0.9104126984126985,1,1.0
1265,1967,1,1.0,1,0.7944419190279312
1266,264,1,1.0,1,0.7538235910328934
1267,1560,1,1.0,1,0.8562091503267973
1268,364,1,1.0,1,0.9066666666666666
1269,1434,1,1.0,1,0.8321839080459771
1270,1714,1,0.9833613445378152,1,0.6912255150287065
1271,2009,1,1.0,1,0.7648351648351648
1272,2550,1,1.0,1,1.0
1273,1751,1,1.0,1,0.7759259259259258
1274,314,1,1.0,1,0.7382478632478633
1275,1623,1,1.0,1,0.9304347826086957
1276,1968,1,1.0,1,0.835077519379845
1277,752,1,1.0,1,0.7446130648377839
1278,2502,1,0.9764705882352941,1,0.759753086419753
1279,2305,1,1.0,1,0.5754901960784314
1280,1401,1,1.0,1,0.8315744590128985
1281,798,1,1.0,1,0.7607655502392344
1282,1512,1,1.0,1,0.9384615384615385
1283,1618,1,1.0,1,0.801062091503268
1284,1061,1,1.0,1,0.9454545454545455
1285,2479,1,1.0,1,0.8513423068342382
1286,2034,1,1.0,1,0.9490196078431372
1287,1921,1,1.0,1,0.8496732026143791
1288,1025,1,1.0,1,0.763328587248853
1289,1519,1,1.0,1,1.0
1290,857,1,1.0,1,0.8397306397306398
1291,1473,1,1.0,1,0.9132284921369103
1292,1177,1,1.0,1,0.8958333333333334
1293,1842,1,1.0,1,1.0
1294,1373,1,1.0,1,0.7985347985347985
1295,1018,1,1.0,1,0.833958633958634
1296,2403,1,1.0,1,0.7592592592592592
1298,618,1,1.0,1,1.0
1300,951,1,1.0,1,0.9301075268817204
1302,560,1,1.0,1,0.7653061224489797
1304,2233,1,1.0,1,1.0
1305,2582,1,1.0,1,1.0
1306,1789,1,1.0,1,0.8120407009609948
1307,1825,1,0.8935064935064935,1,1.0
1308,1307,1,1.0,1,0.8175925925925925
1310,212,1,1.0,1,0.8786427762331378
1312,999,1,1.0,1,0.8359489318115306
1313,291,1,1.0,1,0.9375617283950617
1314,1575,1,1.0,1,0.8340716352389504
1315,2197,1,1.0,1,0.9184466019417477
1316,922,1,1.0,1,0.7960697070819429
1318,1738,1,1.0,1,0.9140069500133654
1320,1050,1,1.0,1,0.8853932584269664
1321,1663,1,1.0,1,1.0
1323,1954,1,1.0,1,1.0
1324,2202,1,1.0,1,0.9142857142857143
1325,878,1,1.0,1,0.7386269644334161
1326,2299,1,1.0,1,0.710573476702509
1327,736,1,1.0,1,0.7309677419354839
1328,91,1,1.0,1,0.814864864864865
1329,785,1,1.0,1,0.7507092198581561
1330,573,1,1.0,1,0.7738359201773836
1331,796,1,1.0,1,0.9047619047619048
1332,2193,1,1.0,1,0.7642857142857142
1333,334,1,1.0,1,1.0
1334,2604,1,1.0,1,0.9040052962595168
1335,2347,1,1.0,1,0.8251851851851851
1336,1723,1,1.0,1,0.7616249097845138
1337,2083,1,1.0,1,0.9025641025641026
1338,1364,1,1.0,1,1.0
1339,503,1,1.0,1,0.7976070104482643
1340,1217,1,1.0,1,0.8383453104846139
1341,1683,1,1.0,1,0.8485183795948987
1342,713,1,1.0,1,0.995
1343,2609,1,1.0,1,0.7765804597701149
1344,1171,1,1.0,1,0.8978494623655914
1345,1821,1,1.0,1,1.0
1346,1227,1,1.0,1,0.8146830338611161
1347,2110,1,1.0,1,0.7547619047619047
1348,616,1,1.0,1,0.7215320910973085
1349,537,1,1.0,1,1.0
1350,1895,1,1.0,1,0.8002920774005111
1351,2355,1,1.0,1,0.7138888888888889
1352,1232,1,1.0,1,0.8526395173453998
1353,1228,1,1.0,1,0.944
1354,351,1,1.0,1,1.0
1355,296,1,1.0,1,0.8088578088578089
1356,1092,1,1.0,1,1.0
1357,1256,1,1.0,1,0.9101752727559179
1358,884,1,1.0,1,0.8958333333333334
1359,2286,1,1.0,1,1.0
1360,1597,1,1.0,1,0.8438818565400844
1361,339,1,1.0,1,1.0
1362,1572,1,1.0,1,1.0
1363,441,1,1.0,1,0.7933247753530167
1364,429,1,1.0,1,0.7494804458719063
1365,2269,1,1.0,1,1.0
1366,677,1,1.0,1,0.7062091503267974
1367,548,1,1.0,1,1.0
1368,2557,1,1.0,1,0.7490606548577562
1369,309,1,1.0,1,0.9119656283566058
1370,1007,1,1.0,1,1.0
1371,1034,1,1.0,1,0.9387755102040817
1372,1806,1,1.0,1,0.7547101449275363
1373,21,1,1.0,1,0.7959401709401709
1374,2532,1,1.0,1,1.0
1375,92,1,1.0,1,1.0
1376,2523,1,1.0,1,0.8132790903875241
1377,396,1,1.0,1,1.0
1378,506,1,1.0,1,0.8488888888888889
1379,2020,1,1.0,1,0.96
1380,2016,1,1.0,1,0.936
1381,1684,1,1.0,1,0.8087301587301589
1382,2005,1,1.0,1,1.0
1383,1973,1,1.0,1,1.0
1384,2361,1,1.0,1,1.0
1385,572,1,1.0,1,0.5812324929971989
1386,1936,1,1.0,1,0.8274243620099974
1387,2342,1,1.0,1,0.9166666666666666
1388,1643,1,1.0,1,0.7064305684995341
1389,2373,1,1.0,1,0.8063906220457554
1390,2581,1,1.0,1,0.9375
1391,2336,1,1.0,1,1.0
1392,1926,1,1.0,1,1.0
1393,2288,1,1.0,1,0.8536861148801447
1394,1677,1,1.0,1,0.9219858156028368
1395,1906,1,1.0,1,0.9146606334841629
1396,398,1,1.0,1,0.818693134822167
1397,231,1,1.0,1,0.8047619047619049
1398,1521,1,1.0,1,1.0
1399,2058,1,1.0,1,0.8986053339858087
1400,724,1,1.0,1,0.7750062988158226
1401,279,1,1.0,1,0.7306397306397306
1402,1148,1,1.0,1,0.8989898989898991
1403,735,1,1.0,1,1.0
1404,1508,1,1.0,1,1.0
1405,1482,1,1.0,1,0.9368421052631579
1406,2615,1,1.0,1,0.6
1407,2069,1,1.0,1,1.0
1408,1540,1,1.0,1,1.0
1409,19,1,1.0,1,1.0
1410,367,1,1.0,1,0.7507092198581561
1411,315,1,1.0,1,0.7787174066243834
1412,832,1,1.0,1,0.8956363636363637
1413,2518,1,1.0,1,1.0
1414,2279,1,1.0,1,0.655452761424166
1415,1230,1,1.0,1,1.0
1416,1475,1,1.0,1,0.8317331530313274
1417,615,1,1.0,1,0.8097426470588235
1418,27,1,1.0,1,0.7572649572649572
1419,2081,1,1.0,1,0.7968253968253968
1420,2419,1,1.0,1,0.6530522617479139
1421,1861,1,1.0,1,1.0
1422,2192,1,1.0,1,0.5868830290736984
1423,737,1,1.0,1,0.7552836052836053
1424,2262,1,1.0,1,1.0
1425,1115,1,1.0,1,0.7468918601923528
1426,2281,1,1.0,1,1.0
1427,2392,1,1.0,1,1.0
1428,2353,1,1.0,1,0.6830294530154277
1429,1764,1,1.0,1,1.0
1430,1748,1,1.0,1,0.838421052631579
1431,26,1,1.0,1,1.0
1432,2182,1,0.9361236802413273,1,0.8163640764947955
1433,53,1,1.0,1,0.95625
1434,31,1,1.0,1,0.7568697729988053
1435,2521,1,1.0,1,0.7679662802950474
1436,2551,1,1.0,1,0.874074074074074
1437,1047,1,1.0,1,1.0
1438,606,1,1.0,1,0.7323232323232324
1439,2526,1,1.0,1,0.8077243018419488
1440,2210,1,1.0,1,0.8134545454545453
1441,1852,1,1.0,1,0.9090909090909092
1442,320,1,1.0,1,0.6550472040668119
1443,2552,1,1.0,1,1.0
1444,1466,1,1.0,1,1.0
1445,995,1,1.0,1,1.0
1446,154,1,1.0,1,1.0
1447,373,1,1.0,1,0.9438596491228071
1448,1965,1,1.0,1,0.8876924823983648
1449,1322,1,1.0,1,1.0
1450,4,1,1.0,1,1.0
1451,2032,1,1.0,1,0.8763440860215054
1452,1254,1,1.0,1,1.0
1453,1807,1,1.0,1,0.7738095238095237
1454,83,1,1.0,1,0.9636363636363636
1455,674,1,1.0,1,1.0
1456,567,1,1.0,1,0.8361842855513743
1457,1478,1,0.9962962962962962,1,1.0
1458,1247,1,1.0,1,0.6821052631578947
1459,459,1,1.0,1,0.9266666666666666
1460,388,1,1.0,1,1.0
1461,80,1,1.0,1,0.7944444444444444
1462,1993,1,1.0,1,0.7658119658119658
1463,1304,1,1.0,1,1.0
1464,1213,1,1.0,1,1.0
1465,1746,1,1.0,1,1.0
1466,1998,1,1.0,1,1.0
1467,164,1,1.0,1,0.8135074145712444
1468,415,1,1.0,1,0.9156988052236732
1469,1918,1,1.0,1,1.0
1470,148,1,1.0,1,0.7386269644334161
1471,863,1,1.0,1,0.8220366053699387
1472,2096,1,1.0,1,0.6597701149425288
1473,1285,1,1.0,1,0.9423076923076923
1474,910,1,1.0,1,1.0
1475,1430,1,1.0,1,1.0
1476,1757,1,1.0,1,0.9333333333333333
1477,2310,1,1.0,1,0.7838383838383839
1478,119,1,1.0,1,0.7603174603174603
1479,69,1,1.0,1,0.7586056644880174
1480,1621,1,1.0,1,0.8136363636363636
1481,1994,1,1.0,1,1.0
1482,2205,1,1.0,1,0.673015873015873
1484,2072,1,1.0,1,0.8020592020592021
1485,426,1,1.0,1,0.7138888888888889
1486,1652,1,1.0,1,1.0
1487,1937,1,1.0,1,0.9107981220657276
1488,1617,1,1.0,1,0.7753623188405797
1489,1990,1,1.0,1,0.7145223449650069
1490,838,1,1.0,1,1.0
1491,139,1,0.9650793650793651,1,0.9833333333333333
1492,494,1,1.0,1,1.0
1493,197,1,1.0,1,0.6652421652421653
1494,189,1,0.9588661551577152,1,1.0
1495,1384,1,1.0,1,1.0
1496,1814,1,0.9637012987012987,1,0.6761904761904761
1497,246,1,1.0,1,1.0
1498,1001,1,1.0,1,0.8888888888888888
1499,1763,1,1.0,1,0.6833333333333332
1500,2576,1,0.9945945945945945,1,0.8087719298245614
1501,1031,1,1.0,1,0.7547101449275363
1502,2238,1,1.0,1,0.6805555555555555
1503,1898,1,0.9972222222222222,1,0.8611111111111112
1504,1860,1,1.0,1,1.0
1505,2261,1,1.0,1,0.9968253968253968
1506,1634,1,1.0,1,0.6407407407407407
1507,919,1,1.0,1,0.7369471897773785
1508,2414,1,1.0,1,0.9079016221873365
1509,1726,1,1.0,1,1.0
1510,2466,1,1.0,1,1.0
1511,2452,1,1.0,1,0.7422222222222222
1512,2318,1,1.0,1,0.7438228438228438
1513,972,1,1.0,1,0.7839644457291517
1514,2388,1,1.0,1,1.0
1515,288,1,1.0,1,1.0
1516,1910,1,1.0,1,0.9513670852956567
1517,841,1,0.9811171171171171,1,0.7652324631335126
1518,2158,1,1.0,1,1.0
1519,818,1,0.9312533051295611,1,0.7448145820238844
1520,652,1,1.0,1,0.806376889710223
1521,135,1,1.0,1,1.0
1522,306,1,1.0,1,0.564102564102564
1524,1599,1,0.9421645021645022,1,0.6626262626262626
1525,1964,1,1.0,1,0.7804576376004947
1526,2014,1,1.0,1,0.7150937646507266
1527,2270,1,1.0,1,0.7798861480075902
1528,1504,1,1.0,1,0.7959449012579941
1529,418,1,1.0,1,0.7507965367965368
1530,1520,1,1.0,1,0.9162686262502552
1531,469,1,1.0,1,0.7686857282087763
1532,2077,1,0.7720364741641337,1,1.0
1533,2057,1,0.9242424242424242,1,0.6749999999999999
1534,1021,1,1.0,1,0.8120508568269763
1535,1082,1,1.0,1,0.6864889496468445
1536,1214,1,0.9676470588235294,1,0.7890958925114523
1537,1665,1,0.9022477283596365,1,1.0
1538,552,1,1.0,1,1.0
1539,85,1,0.9657142857142857,1,0.9538461538461538
1540,1424,1,1.0,1,0.7097222222222221
1541,2500,1,1.0,1,0.5916759909130981
1542,2524,1,0.945,1,1.0
1543,2498,1,0.9684989316239316,1,1.0
1544,1884,1,1.0,1,1.0
1545,1145,1,1.0,1,1.0
1546,2463,1,0.9946666666666667,1,1.0
1547,1140,1,0.9652173913043479,1,0.9666666666666667
1548,2386,1,1.0,1,0.9342424242424243
1549,876,1,0.9094521249359959,1,1.0
1550,937,1,0.9684027777777778,1,1.0
1551,2449,1,0.9673372269089335,1,1.0
1552,996,1,1.0,1,0.8834114511533866
1553,2483,1,1.0,1,1.0
1554,739,1,1.0,1,1.0
1555,2290,1,1.0,1,0.8039732248171738
1558,40,1,1.0,1,0.6008403361344538
1559,2363,1,1.0,1,1.0
1560,723,1,0.9473684210526316,1,0.9315789473684211
1561,1104,1,1.0,1,1.0
1562,1179,1,1.0,1,1.0
1563,2329,1,1.0,1,0.9525641025641025
1564,2134,1,1.0,1,0.6579621095750128
1565,2602,1,1.0,1,0.7117479470420648
1566,2191,1,1.0,1,0.8126425545780385
1567,414,1,0.9887301587301588,1,0.6569899311075782
1572,755,1,1.0,1,0.9215686274509804
1573,1809,1,1.0,1,0.6662826420890936
1574,439,1,1.0,1,0.7166666666666668
1575,1506,1,1.0,1,1.0
1576,1241,1,1.0,1,1.0
1577,1450,1,1.0,1,0.7237390857729841
1578,2169,1,0.9475409836065574,1,0.7576671694318753
1579,2160,1,1.0,1,1.0
1582,1960,1,1.0,1,1.0
1583,240,1,0.9366666666666666,1,0.8454309558875096
1584,837,1,1.0,1,1.0
1585,2167,1,1.0,1,0.9452898550724638
1586,917,1,1.0,1,0.7275910364145658
1587,1568,1,1.0,1,0.9019607843137255
1588,627,1,1.0,1,0.6468253968253967
1589,1535,1,1.0,1,1.0
1590,697,1,1.0,1,0.7325243620273261
1591,1166,1,1.0,1,0.7109677419354838
1592,1202,1,1.0,1,1.0
1593,2174,1,1.0,1,0.7932166915178241
1594,2349,1,1.0,1,1.0
1595,610,1,1.0,1,0.896551724137931
1596,1692,1,1.0,1,1.0
1597,1463,1,1.0,1,0.7771883289124668
1598,2172,1,1.0,1,1.0
1599,1722,1,1.0,1,0.7382550539595684
1600,162,1,1.0,1,1.0
1601,1015,1,1.0,1,0.9056056323682937
1602,2438,1,0.9206177606177607,1,1.0
1603,1265,1,1.0,1,1.0
1604,1151,1,1.0,1,0.6806377163680534
1606,2117,1,1.0,1,1.0
1607,2483,1,0.6399808703969393,1,1.0
1608,2247,1,1.0,1,1.0
1610,1867,1,1.0,1,0.7328209304693067
1611,2568,1,1.0,1,0.8865800865800866
1612,835,1,1.0,1,0.9592592592592593
1613,2066,1,1.0,1,0.9036765167199949
1614,1119,1,1.0,1,1.0
1615,2566,1,1.0,1,0.7183088191860122
1616,1221,1,1.0,1,1.0
1617,2053,1,1.0,1,1.0
1618,1441,1,1.0,1,0.7873851294903926
1619,2084,1,1.0,1,0.734508547008547
1620,353,1,1.0,1,1.0
1621,1647,1,1.0,1,0.8456674123788218
1622,1689,1,1.0,1,1.0
1623,2112,1,1.0,1,0.8058748403575989
1624,1014,1,1.0,1,1.0
1625,975,1,1.0,1,1.0
1626,1801,1,1.0,1,1.0
1627,84,1,1.0,1,1.0
1628,2217,1,1.0,1,1.0
1629,678,1,0.9773737373737373,1,1.0
1630,2497,1,1.0,1,1.0
1631,1718,1,1.0,1,1.0
1632,1395,1,1.0,1,0.7496814199567642
1633,530,1,1.0,1,1.0
1634,1787,1,1.0,1,0.6924836601307188
1635,375,1,1.0,1,1.0
1636,2348,1,1.0,1,0.8611320754716981
1637,992,1,1.0,1,0.7613793103448275
1638,1042,1,1.0,1,1.0
1639,1604,1,1.0,1,0.7920425649530127
1640,1533,1,1.0,1,0.7357404500261643
1641,1234,1,1.0,1,0.7769512845112461
1642,1638,1,1.0,1,0.9819964349376115
1643,332,1,1.0,1,0.903030303030303
1644,990,1,1.0,1,0.8473564753004006
1645,1111,1,1.0,1,0.7688888888888888
1646,176,1,1.0,1,0.9355932203389831
1647,2088,1,1.0,1,0.7428530588907948
1648,804,1,1.0,1,0.8115033874596634
1652,1989,1,1.0,1,1.0
1653,1820,1,1.0,1,1.0
1656,1529,1,1.0,1,0.8468571428571429
1657,2556,1,1.0,1,1.0
1658,544,1,1.0,1,0.6075808249721293
1659,1438,1,1.0,1,1.0
1660,132,1,1.0,1,1.0
1662,129,1,0.9975308641975309,1,0.8187895212285455
1663,1016,1,1.0,1,0.7450396825396824
1664,980,1,0.9196832579185521,1,0.6626293995859214
1665,2435,1,1.0,1,0.7985347985347985
1667,78,1,1.0,1,0.9158371040723982
1668,180,1,0.9643954918032787,1,1.0
1669,1102,1,1.0,1,0.7843291404612159
1670,167,1,1.0,1,0.8168644201866793
1671,1659,1,1.0,1,0.8307359752959341
1672,765,1,1.0,1,0.647955647955648
1673,1444,1,1.0,1,0.770424845718622
1674,2517,1,1.0,1,1.0
1675,987,1,1.0,1,1.0
1676,1234,1,0.8607407407407408,1,0.7769512845112461
1677,1956,1,1.0,1,0.7432734405745769
1678,773,1,1.0,1,0.7149321266968326
1679,1564,1,1.0,1,0.836899138649625
1680,52,1,1.0,1,0.6245791245791247
1681,2596,1,1.0,1,1.0
1682,2396,1,0.898532027653995,1,0.7748015873015873
1684,1320,1,0.9771428571428572,1,0.7403101677295226
1686,1524,1,1.0,1,0.8252195708740903
1687,121,1,1.0,1,0.9348837209302325
1688,2283,1,1.0,1,1.0
1689,2610,1,1.0,1,1.0
1690,2393,1,1.0,1,0.8058684466694479
1691,770,1,1.0,1,1.0
1692,1090,1,1.0,1,0.598978288633461
1693,1052,1,1.0,1,0.7708665603402446
1694,55,1,1.0,1,1.0
1695,1635,1,0.9090909090909091,1,1.0
1696,407,1,1.0,1,0.9442622950819672
1697,289,1,0.9127659574468084,1,1.0
1698,1024,1,1.0,1,0.6721706226350189
1699,312,1,1.0,1,1.0
1700,1331,1,1.0,1,0.8307923738778039
1701,331,1,1.0,1,0.7459207459207459
1702,1325,1,1.0,1,0.8360878408599484
1703,455,1,1.0,1,0.5897263919940381
1704,2504,1,1.0,1,0.7590567327409433
1705,1984,1,1.0,1,1.0
1706,948,1,1.0,1,1.0
1707,816,1,1.0,1,1.0
1710,722,1,1.0,1,1.0
1712,93,1,1.0,1,0.9265107212475633
1713,50,1,1.0,1,0.9234841628959276
1714,236,1,1.0,1,0.814846854923054
1715,341,1,1.0,1,1.0
1716,1150,1,1.0,1,1.0
1717,513,1,0.9539393939393939,1,0.9294117647058824
1718,2150,1,1.0,1,0.926791958041958
1719,366,1,1.0,1,0.598978288633461
1720,1418,1,1.0,1,0.7705510388437218
1721,2525,1,1.0,1,0.9266071428571429
1722,1300,1,1.0,1,0.7238095238095239
1723,2517,1,0.6482612781954887,1,1.0
1724,1178,1,1.0,1,0.7753251579338536
1725,1700,1,1.0,1,0.657152924594785
1726,1156,1,1.0,1,0.7882236516575952
1727,1426,1,1.0,1,0.7963223897864421
1728,1206,1,1.0,1,1.0
1729,588,1,1.0,1,0.9469387755102041
1730,1515,1,1.0,1,0.696363029696363
1731,1192,1,1.0,1,0.95
1732,1768,1,1.0,1,0.8070097604259096
1733,1923,1,1.0,1,0.8055288773523687
1734,1851,1,1.0,1,0.6979512735326688
1735,112,1,1.0,1,0.8965367965367965
1736,2004,1,0.8421768707482993,1,0.9866666666666667
1737,2043,1,1.0,1,1.0
1738,1587,1,1.0,1,0.7534606866002216
1739,1095,1,1.0,1,0.7504761904761904
1740,593,1,0.7483098177542621,1,1.0
1741,2519,1,1.0,1,0.7094819559267515
1742,300,1,1.0,1,1.0
1743,190,1,1.0,1,0.8089896975739448
1744,683,1,1.0,1,0.9027777777777778
1745,698,1,1.0,1,0.7064597155832316
1746,1355,1,1.0,1,0.8959389159254908
1747,1549,1,1.0,1,1.0
1748,1133,1,1.0,1,1.0
1749,1980,1,1.0,1,0.5892857142857143
1750,1941,1,0.9951807228915662,1,0.5699891067538126
1751,778,1,0.926945412311266,1,0.755889952880377
1752,1163,1,0.7810664787408973,1,1.0
1753,2545,1,0.9344223847672124,1,0.9848076923076924
1754,1745,1,0.9425146992311172,1,0.8972493345164153
1755,1280,1,1.0,1,0.6941666666666667
1756,909,1,0.9404761904761905,1,0.7870026525198939
1757,1750,1,1.0,1,0.9235023041474655
1758,2224,1,1.0,1,0.80119825708061
1759,8,1,1.0,1,0.6994708994708995
1760,1822,1,0.9418831168831169,1,1.0
1761,692,1,1.0,1,1.0
1762,821,1,1.0,1,1.0
1763,1724,1,1.0,1,0.8840579710144928
1764,1805,1,1.0,1,0.7829181694587701
1765,2075,1,1.0,1,0.7889933820968303
1766,840,1,1.0,1,1.0
1767,647,1,1.0,1,1.0
1768,392,1,1.0,1,1.0
1769,2547,1,0.9226102941176471,1,0.64349376114082
1770,1526,1,1.0,1,0.8087912087912089
1771,2313,1,1.0,1,0.7562049062049062
1772,2091,1,1.0,1,1.0
1773,2019,1,1.0,1,1.0
1774,408,1,1.0,1,0.6683006535947712
1775,1619,1,1.0,1,1.0
1776,1371,1,1.0,1,0.8653333333333333
1777,215,1,1.0,1,0.7196303003346465
1778,243,1,1.0,1,1.0
1779,1947,1,1.0,1,0.80982905982906
1780,1581,1,0.9157487922705314,1,1.0
1781,1943,1,1.0,1,0.9133564711150918
1782,432,1,1.0,1,0.7360248447204968
1783,1765,1,1.0,1,0.9305555555555555
1784,2443,1,1.0,1,0.9913043478260869
1785,743,1,1.0,1,1.0
1786,2278,1,1.0,1,0.9647058823529411
1787,2232,1,1.0,1,1.0
1788,505,1,1.0,1,1.0
1789,2503,1,1.0,1,0.7068854568854569
1790,2051,1,0.9896436896436897,1,0.8113397901533496
1791,905,1,1.0,1,0.78772111561646
1792,1379,1,1.0,1,0.7714285714285714
1793,1412,1,0.9904761904761905,1,0.9779014308426073
1794,2220,1,1.0,1,1.0
1795,2294,1,0.8876077851687608,1,0.8385714285714286
1796,745,1,1.0,1,0.746031746031746
1797,1053,1,0.9945205479452055,1,0.7633333333333333
1798,1363,1,0.8801527502386723,1,1.0
1799,656,1,1.0,1,0.8478991596638656
1800,1030,1,1.0,1,0.8431481481481482
1801,1220,1,1.0,1,0.7576960076960076
1802,1071,1,1.0,1,1.0
1803,2324,1,1.0,1,1.0
1804,959,1,1.0,1,0.7483062330623307
1805,2367,1,1.0,1,0.9404448938321538
1806,249,1,1.0,1,0.9822222222222223
1807,2219,1,1.0,1,1.0
1808,17,1,1.0,1,1.0
1809,989,1,1.0,1,0.6043771043771043
1810,1525,1,1.0,1,0.7764745762711864
1811,780,1,1.0,1,0.8244186717442733
1812,146,1,1.0,1,0.9365853658536586
1813,424,1,1.0,1,0.9130434782608695
1814,1880,1,0.9619047619047618,1,0.7234711692884354
1815,1367,1,1.0,1,0.7759259259259258
1816,313,1,0.9321428571428572,1,0.819716446593917
1817,2177,1,0.9169457735247208,1,0.8806555458004097
1818,2292,1,1.0,1,0.7276495538979084
1819,2345,1,1.0,1,0.7752202330207445
1820,1856,1,1.0,1,0.9194444444444445
1821,168,1,1.0,1,0.7481380148958808
1822,157,1,0.9472222222222223,1,0.8179681794470527
1823,411,1,0.8835586039422356,1,0.7111693358455017
1824,1406,1,1.0,1,0.913103448275862
1825,2422,1,1.0,1,0.7216416463717543
1826,613,1,1.0,1,1.0
1827,2209,1,1.0,1,1.0
1828,2249,1,1.0,1,0.7960526315789475
1829,1496,1,1.0,1,0.9735023041474655
1830,2337,1,1.0,1,0.7746031746031746
1831,137,1,1.0,1,0.7392156862745098
1832,1239,1,0.9695156695156695,1,0.6401515151515151
1833,1041,1,1.0,1,0.7444444444444445
1834,1819,1,1.0,1,0.8081104285877432
1835,2213,1,1.0,1,0.8204545454545454
1836,661,1,1.0,1,0.731002331002331
1837,1514,1,1.0,1,1.0
1838,2365,1,1.0,1,0.653968253968254
1840,2425,1,1.0,1,0.9755356627677901
1841,1332,1,0.9301778542742398,1,1.0
1842,1374,1,1.0,1,0.6882430866037423
1843,1292,1,1.0,1,0.9265536723163842
1844,2579,1,1.0,1,0.7955741626794258
1845,1712,1,1.0,1,0.7094262356317634
1846,2546,1,1.0,1,0.896551724137931
1847,2573,1,1.0,1,0.8487972508591065
1848,2578,1,0.9614035087719298,1,1.0
1849,2480,1,0.9758241758241758,1,1.0
1850,970,1,0.9439318248604173,1,0.9058823529411765
1851,1490,1,0.9760869565217392,1,1.0
1852,1880,1,0.8875828812537673,1,0.7234711692884354
1853,1386,1,1.0,1,0.8891262352105725
1854,444,1,1.0,1,0.8058440131610863
1855,2578,1,0.6618719738414135,1,0.903030303030303
1858,1632,1,0.9320921985815603,1,0.7841383422778772
1860,213,1,1.0,1,0.784557907845579
1861,965,1,1.0,1,0.694980694980695
1862,22,1,1.0,1,0.736574074074074
1863,371,1,1.0,1,1.0
1864,2147,1,1.0,1,0.7959859967378765
1865,1877,1,1.0,1,0.9148889029295929
1866,688,1,0.9447447447447447,1,0.8150585324169458
1867,1901,1,1.0,1,0.8860000000000001
1868,1359,1,1.0,1,0.7939097744360901
1869,512,1,1.0,1,0.8650793650793651
1870,2036,1,1.0,1,0.6866096866096866
1871,711,1,1.0,1,1.0
1873,1365,1,1.0,1,0.6975829710603695
1874,546,1,0.8219753086419753,1,1.0
1875,696,1,1.0,1,1.0
1876,685,1,1.0,1,0.9446808510638298
1877,2289,1,1.0,1,0.700679970436068
1878,592,1,1.0,1,0.9375
1879,558,1,1.0,1,1.0
1884,2108,1,1.0,1,1.0
1885,9,1,1.0,1,0.6931216931216931
1886,2360,1,0.9948717948717949,1,1.0
1888,1545,1,1.0,1,1.0
1889,2173,1,0.9,1,1.0
1890,1010,1,1.0,1,1.0
1891,1513,1,1.0,1,0.7943992773261067
1892,2322,1,0.9890410958904109,1,1.0
1894,403,1,1.0,1,0.6602980352980353
1895,173,1,1.0,1,1.0
1896,2574,1,1.0,1,0.8270592789961513
1897,759,1,1.0,1,0.7538235910328934
1898,2296,1,1.0,1,1.0
1899,886,1,1.0,1,0.7628776286880101
1900,1105,1,1.0,1,1.0
1901,1376,1,1.0,1,0.7727513227513229
1902,635,1,1.0,1,0.801062091503268
1903,2585,1,1.0,1,1.0
1904,1551,1,1.0,1,0.8507819716515369
1905,1276,1,0.828133403899194,1,1.0
1906,1361,1,1.0,1,0.9190390390390392
1907,1616,1,1.0,1,1.0
1908,98,1,1.0,1,0.9535353535353536
1909,1977,1,0.8708442660904461,1,1.0
1910,486,1,1.0,1,1.0
1911,303,1,0.8732142857142857,1,1.0
1912,1542,1,1.0,1,0.6340635961129321
1913,49,1,1.0,1,1.0
1914,2295,1,1.0,1,0.7000000000000001
1915,287,1,1.0,1,1.0
1916,2431,1,0.6916322860467576,1,0.9874999999999999
1917,1518,1,0.9707563025210084,1,0.7944608997240575
1918,1346,1,1.0,1,1.0
1919,1076,1,1.0,1,1.0
1920,114,1,1.0,1,0.7235780423280422
1921,368,1,1.0,1,0.819207579672696
1926,71,1,1.0,1,1.0
1927,2293,1,1.0,1,1.0
1928,489,1,0.9472222222222223,1,0.9485714285714285
1929,1318,1,1.0,1,1.0
1930,824,1,0.9356887085223203,1,0.9423076923076923
1931,261,1,1.0,1,1.0
1932,2195,1,1.0,1,0.7900226757369615
1933,1458,1,1.0,1,0.7646381578947369
1934,2107,1,1.0,1,0.9306451612903226
1935,1931,1,1.0,1,0.6732073643410853
1936,676,1,1.0,1,0.7253546099290781
1937,1727,1,1.0,1,0.7411255411255411
1938,1870,1,1.0,1,1.0
1951,1043,1,1.0,1,1.0
1952,1863,1,1.0,1,0.7438155136268344
1953,2229,1,0.9511836734693878,1,0.7936473004694836
1954,2037,1,1.0,1,0.9193181818181818
1955,2021,1,1.0,1,1.0
1956,2588,1,0.8125747770372517,1,0.7571515207772518
1957,955,1,1.0,1,0.8166109253065774
1958,438,1,1.0,1,0.7258064516129034
1959,1730,1,1.0,1,0.7388001952450683
1961,144,1,1.0,1,0.8034883720930233
1962,2095,1,1.0,1,0.7889575289575289
1963,2298,1,1.0,1,0.7935291613452532
1964,268,1,1.0,1,1.0
1965,2221,1,1.0,1,0.8196316262353998
1966,2027,1,0.9222671443676599,1,0.7697666318355973
1967,1503,1,1.0,1,0.7910509780074998
1968,301,1,1.0,1,0.7522872096042827
1969,1189,1,1.0,1,0.8120426829268292
1970,1959,1,1.0,1,0.867337003767024
1971,111,1,1.0,1,0.7912735849056604
1972,237,1,1.0,1,0.6565656565656566
1973,2164,1,1.0,1,0.7106321483133078
1974,500,1,1.0,1,1.0
1975,271,1,1.0,1,1.0
1976,1799,1,1.0,1,0.821502514049098
1977,1017,1,1.0,1,0.7141410069474227
1978,1629,1,1.0,1,0.7249438832772165
1979,1808,1,1.0,1,0.7878787878787877
1980,1081,1,1.0,1,1.0
1981,2351,1,1.0,1,0.7286585365853658
1982,2597,1,0.8911541896854014,1,0.9069767441860465
1983,1985,1,1.0,1,1.0
1984,1324,1,1.0,1,0.7277015437392796
1985,1680,1,1.0,1,1.0
1986,1886,1,1.0,1,0.8075196408529741
1987,169,1,1.0,1,0.7670443915867119
1988,668,1,1.0,1,0.8633879781420765
1989,1784,1,1.0,1,0.7832687338501292
1990,1168,1,1.0,1,0.8265824834061842
1991,1488,1,1.0,1,1.0
1992,561,1,1.0,1,0.8220551378446115
1993,443,1,1.0,1,0.8121345029239766
1995,194,1,1.0,1,0.8310239651416123
1996,1398,1,1.0,1,0.7027151403589508
1997,66,1,1.0,1,0.7946428571428572
1998,953,1,1.0,1,1.0
1999,880,1,1.0,1,0.8488888888888889
2000,401,1,0.930974025974026,1,0.7764127764127764
2001,1578,1,1.0,1,0.8086709109144028
2002,887,1,1.0,1,0.7933247753530167
2003,1370,1,1.0,1,0.8248051948051949
2005,1402,1,1.0,1,0.7431372549019608
2006,888,1,1.0,1,0.7444444444444445
2007,2333,1,1.0,1,0.8266908212560388
2008,1226,1,1.0,1,0.7984565839286021
2009,1354,1,0.9741685144124168,1,0.7138888888888889
2010,11,1,1.0,1,0.7426244807402975
2011,1996,1,0.9176470588235295,1,0.7820898674692435
2012,716,1,0.8749335548172757,1,0.9291666666666667
2013,1794,1,1.0,1,0.8257727151612043
2014,651,1,1.0,1,0.9040594059405941
2015,1613,1,1.0,1,0.9416666666666667
2016,2128,1,1.0,1,0.7964859866268318
2017,1849,1,1.0,1,0.8039639639639639
2018,1952,1,1.0,1,0.8118932939459985
2019,1400,1,1.0,1,0.9090909090909092
2020,260,1,1.0,1,0.9277139761646804
2021,1593,1,1.0,1,0.821211493079065
2022,497,1,1.0,1,0.8998528484338869
2023,1721,1,1.0,1,0.8320246852356944
2024,1188,1,1.0,1,0.7138888888888889
2025,555,1,1.0,1,0.8002132272572524
2026,1134,1,1.0,1,1.0
2027,1321,1,1.0,1,0.8633333333333333
2028,1767,1,0.9348655730234677,1,0.9349999999999999
2029,868,1,1.0,1,0.7324393358876118
2030,1876,1,1.0,1,0.668140288829944
2031,536,1,1.0,1,0.8222641509433962
2032,2076,1,1.0,1,0.8032871083718541
2033,1084,1,1.0,1,1.0
2034,257,1,1.0,1,0.7937799043062201
2035,1783,1,1.0,1,0.818510968344178
2036,2326,1,1.0,1,0.759919028340081
2037,105,1,1.0,1,0.9507352941176471
2038,468,1,0.9151055164753795,1,1.0
2039,2565,1,1.0,1,0.6166666666666667
2040,1211,1,1.0,1,1.0
2041,803,1,1.0,1,0.851923076923077
2042,659,1,1.0,1,0.6833333333333332
2043,262,1,1.0,1,0.6200577200577201
2044,1174,1,1.0,1,0.7232780291603821
2045,939,1,1.0,1,0.7709030100334449
2046,1614,1,1.0,1,0.8966044776119403
2047,1517,1,1.0,1,0.9236363636363636
2048,68,1,1.0,1,0.7849978390731103
2049,1423,1,1.0,1,0.856187804715154
2050,2516,1,0.9774468929918603,1,0.8875
2051,2276,1,1.0,1,0.891542288557214
2052,2319,1,1.0,1,1.0
2053,901,1,1.0,1,0.8078703703703703
2054,2092,1,1.0,1,0.7339743589743589
2055,2251,1,1.0,1,0.9587301587301587
2056,2563,1,1.0,1,1.0
2057,1299,1,1.0,1,0.8214624881291548
2058,382,1,0.9040915374444044,1,1.0
2059,478,1,1.0,1,0.8598157335223245
2060,2236,1,1.0,1,1.0
2061,2317,1,1.0,1,0.7431372549019608
2062,488,1,1.0,1,0.8293029871977241
2063,2277,1,1.0,1,0.6916221033868092
2065,1522,1,1.0,1,1.0
2066,1813,1,1.0,1,0.8385348771822202
2067,1601,1,1.0,1,1.0
2068,1464,1,1.0,1,0.7728818800247371
2069,1255,1,0.8514285714285714,1,0.8744186046511628
2070,684,1,1.0,1,1.0
2074,528,1,1.0,1,1.0
2076,776,1,1.0,1,0.9548022598870056
2077,333,1,1.0,1,0.7473544973544973
2078,1887,1,1.0,1,0.9027777777777778
2079,1909,1,1.0,1,0.6771604938271606
2080,1754,1,1.0,1,0.8108897012861553
2081,871,1,1.0,1,1.0
2082,762,1,1.0,1,0.7261969657578476
2083,916,1,1.0,1,0.8524960113058296
2084,1915,1,1.0,1,0.7832659251769464
2085,1927,1,1.0,1,0.7900226757369615
2086,318,1,1.0,1,0.8968253968253969
2087,577,1,1.0,1,0.9705882352941176
2088,1864,1,1.0,1,0.884625850340136
2089,1323,1,1.0,1,1.0
2090,38,1,0.9794543904518329,1,1.0
2091,2227,1,1.0,1,0.6141666666666666
2092,611,1,1.0,1,0.6865642237982663
2093,1198,1,1.0,1,1.0
2094,281,1,1.0,1,1.0
2095,241,1,1.0,1,1.0
2096,2301,1,1.0,1,0.8202190405409722
2097,510,1,1.0,1,0.6909814374289454
2098,1983,1,1.0,1,0.8167607468519322
2099,669,1,1.0,1,1.0
2100,2418,1,1.0,1,0.8439681567666871
2101,957,1,1.0,1,0.648859543817527
2102,1982,1,1.0,1,0.828720607016753
2103,1212,1,1.0,1,0.8979591836734694
2104,718,1,1.0,1,0.7413522343766822
2105,1747,1,1.0,1,0.9605603448275862
2106,14,1,1.0,1,0.7306397306397306
2107,2462,1,1.0,1,0.7862137862137862
2108,1759,1,1.0,1,0.6791261757015182
2109,1291,1,1.0,1,1.0
2110,223,1,0.942593671131819,1,0.6222222222222222
2111,2138,1,1.0,1,1.0
2112,492,1,1.0,1,1.0
2113,2135,1,1.0,1,0.7530519480519482
2114,482,1,1.0,1,0.6822983032660451
2115,400,1,1.0,1,0.7353395061728395
2116,1609,1,1.0,1,0.7186847782240383
2117,1330,1,1.0,1,1.0
2118,458,1,1.0,1,0.7418306673625823
2120,355,1,1.0,1,0.6950191570881227
2121,2543,1,1.0,1,0.6265010351966874
2122,1062,1,1.0,1,0.9874999999999999
2124,1380,1,0.9055555555555556,1,1.0
2125,2244,1,0.5819304152637487,1,1.0
2126,2248,1,1.0,1,1.0
2127,293,1,1.0,1,0.8000739098300075
2135,402,1,1.0,1,0.9722222222222222
2137,1995,1,1.0,1,1.0
2138,405,1,1.0,1,1.0
2140,280,1,1.0,1,1.0
2141,725,1,1.0,1,1.0
2142,1266,1,1.0,1,1.0
2143,594,1,1.0,1,1.0
2144,217,1,1.0,1,1.0
2146,1143,1,1.0,1,0.9428571428571428
2151,1122,1,1.0,1,1.0
2152,667,1,1.0,1,1.0
2153,1100,1,1.0,1,1.0
2154,210,1,1.0,1,1.0
2155,1642,1,1.0,1,1.0
2156,1534,1,1.0,1,1.0
2157,1358,1,1.0,1,1.0
2158,1203,1,1.0,1,1.0
2159,2460,1,1.0,1,1.0
2160,1246,1,1.0,1,1.0
2161,307,1,1.0,1,1.0
2162,1804,1,1.0,1,1.0
2163,102,1,1.0,1,1.0
2164,1590,1,1.0,1,1.0
2165,395,1,1.0,1,1.0
2166,2586,1,1.0,1,1.0
2167,1012,1,1.0,1,1.0
2168,2234,1,1.0,1,1.0
2169,336,1,1.0,1,1.0
2170,2264,1,1.0,1,1.0
2176,2239,1,1.0,1,1.0
2177,1194,1,1.0,1,0.8020592020592021
2178,1474,1,1.0,1,0.9700000000000001
2179,2309,1,1.0,1,0.7952380952380952
2180,1630,1,1.0,1,1.0
2181,1245,1,1.0,1,1.0
2182,1798,1,1.0,1,1.0
2183,950,1,1.0,1,0.758882783882784
2184,671,1,1.0,1,0.6319444444444445
2185,1550,1,1.0,1,0.9134224598930482
2186,342,1,1.0,1,0.6909955648926237
2187,59,1,1.0,1,0.8186645213193886
2188,623,1,1.0,1,0.8361571737563086
2189,1957,1,1.0,1,0.8877112972118522
2190,1991,1,1.0,1,0.8652786282914882
2191,2010,1,1.0,1,1.0
2192,259,1,1.0,1,0.9047619047619048
2193,1539,1,1.0,1,0.7710805252333491
2194,1302,1,1.0,1,0.8848740339255244
2195,1584,1,1.0,1,0.89937106918239
2197,2101,1,1.0,1,0.8335040109233658
2198,1505,1,1.0,1,0.8379065040650406
2199,1341,1,1.0,1,0.950943396226415
2200,51,1,1.0,1,1.0
2201,141,1,1.0,1,0.8888888888888888
2203,2109,1,1.0,1,0.6296296296296297
2204,1894,1,1.0,1,0.6779288153401629
2205,1447,1,1.0,1,1.0
2206,421,1,0.9986206896551725,1,0.9112280701754386
2207,234,1,1.0,1,0.8240740740740741
2208,2030,1,0.9980582524271845,1,1.0
2209,2056,1,1.0,1,1.0
2210,1066,1,1.0,1,0.8223379629629629
2211,153,1,1.0,1,1.0
2212,1289,1,0.9984251968503938,1,1.0
2213,2100,1,1.0,1,1.0
2214,1556,1,1.0,1,1.0
2215,1816,1,1.0,1,0.8005698005698006
2216,1306,1,1.0,1,0.7002119688455092
2217,1408,1,1.0,1,1.0
2219,967,1,1.0,1,1.0
2220,2139,1,1.0,1,1.0
2221,1190,1,1.0,1,0.8888888888888888
2222,547,1,1.0,1,0.7625
2223,1850,1,0.6850968455166356,1,0.9348361204013377
2224,2265,1,1.0,1,0.7689431913116124
2225,1850,1,1.0,1,1.0
2226,1557,1,1.0,1,0.6737891737891738
2227,2570,1,1.0,1,0.6068376068376068
2228,2241,1,1.0,1,0.8289194249992797
2229,608,1,1.0,1,1.0
2230,1326,1,1.0,1,0.8644986449864499
2231,1902,1,1.0,1,0.8061002178649237
2232,553,1,1.0,1,1.0
2233,929,1,1.0,1,0.7275910364145658
2234,2244,1,1.0,1,1.0
2235,600,1,1.0,1,0.8961748633879781
2236,947,1,1.0,1,0.905533164987374
2237,1303,1,1.0,1,0.9573333333333334
2238,1868,1,1.0,1,0.9339449541284405
2239,783,1,1.0,1,0.8164079822616407
2240,2402,1,1.0,1,1.0
2241,349,1,1.0,1,0.7410412440838404
2242,1622,1,1.0,1,0.9466666666666667
2243,2183,1,1.0,1,0.9400000000000001
2244,1157,1,1.0,1,0.803843653407454
2245,2430,1,1.0,1,0.9485714285714285
2247,99,1,1.0,1,1.0
2249,660,1,1.0,1,0.7119883040935672
2250,393,1,1.0,1,1.0
2251,1493,1,1.0,1,0.6787082649151616
2253,861,1,1.0,1,1.0
2254,1875,1,1.0,1,1.0
2255,1415,1,1.0,1,1.0
2256,2549,1,1.0,1,1.0
2257,1350,1,1.0,1,1.0
2258,1911,1,1.0,1,1.0
2259,2540,1,1.0,1,0.7137681159420289
2260,2427,1,1.0,1,0.9700000000000001
2261,1116,1,1.0,1,0.73227969348659
2262,1465,1,0.9929411764705882,1,0.8210695187165774
2263,1309,1,1.0,1,0.798989898989899
2264,665,1,1.0,1,0.9090909090909092
2265,2230,1,1.0,1,0.7341569690206705
2266,998,1,1.0,1,1.0
2267,2413,1,1.0,1,1.0
2268,1686,1,1.0,1,0.831063829787234
2269,1685,1,1.0,1,1.0
2270,1193,1,1.0,1,0.7215320910973085
2271,1495,1,1.0,1,0.6515873015873016
2272,1637,1,1.0,1,0.8232756813417191
2273,2390,1,1.0,1,0.8381053375751147
2274,1562,1,1.0,1,1.0
2275,1416,1,1.0,1,1.0
2276,378,1,1.0,1,0.8118217054263566
2277,365,1,1.0,1,0.6409937888198758
2278,1255,1,1.0,1,0.7448145820238844
2279,1831,1,1.0,1,0.8983516483516484
2280,29,1,1.0,1,0.9431818181818181
2281,2106,1,1.0,1,1.0
2282,2222,1,1.0,1,0.8430930930930932
2283,41,1,1.0,1,0.8431372549019608
2284,2073,1,1.0,1,1.0
2285,273,1,1.0,1,0.7019575406672182
2286,2511,1,1.0,1,0.9097004186289901
2287,1396,1,1.0,1,0.75
2288,2338,1,1.0,1,0.7797101449275362
2289,10,1,1.0,1,1.0
2290,671,1,1.0,1,0.7580495356037152
2291,1548,1,1.0,1,1.0
2292,654,1,0.9987012987012988,1,1.0
2293,2607,1,1.0,1,0.8136363636363636
